NODE ID;COORDS;ELEMENTS;
5;-5;-5;5;32;1018;2540;2542;
6;-5;-5;4.66;32;35;36;1018;1021;1022;
7;-5;-5;3.74;36;41;42;1022;1027;1028;
8;-5;-5;2.41;42;47;48;1028;1033;1034;
9;-5;-5;0.83;48;53;54;1034;1039;1040;
10;-5;-5;-0.83;54;59;60;1040;1045;1046;
11;-5;-5;-2.41;60;65;66;1046;1051;1052;
12;-5;-5;-3.74;66;70;71;1052;1056;1057;
13;-5;-5;-4.66;71;74;75;1057;1060;1061;
14;-5;-5;-5;75;77;1061;1063;2047;2049;
15;-5;-4.66;5;32;35;85;2536;2539;2540;
16;-5;-4.66;4.66;35;36;41;85;88;89;
17;-5;-4.66;3.74;41;42;47;89;94;95;
18;-5;-4.66;2.41;47;48;53;95;100;101;
19;-5;-4.66;0.83;53;54;59;101;106;107;
20;-5;-4.66;-0.83;59;60;65;107;112;113;
21;-5;-4.66;-2.41;65;66;70;113;118;119;
22;-5;-4.66;-3.74;70;71;74;119;123;124;
23;-5;-4.66;-4.66;74;75;77;124;127;128;
24;-5;-4.66;-5;77;128;130;2043;2046;2047;
25;-5;-3.74;5;85;88;138;2531;2535;2536;
26;-5;-3.74;4.66;88;89;94;138;141;142;
27;-5;-3.74;3.74;94;95;100;142;147;148;
28;-5;-3.74;2.41;100;101;106;148;153;154;
29;-5;-3.74;0.83;106;107;112;154;159;160;
30;-5;-3.74;-0.83;112;113;118;160;165;166;
31;-5;-3.74;-2.41;118;119;123;166;171;172;
32;-5;-3.74;-3.74;123;124;127;172;176;177;
33;-5;-3.74;-4.66;127;128;130;177;180;181;
34;-5;-3.74;-5;130;181;183;2038;2042;2043;
35;-5;-2.41;5;138;141;191;2525;2530;2531;
36;-5;-2.41;4.66;141;142;147;191;194;195;
37;-5;-2.41;3.74;147;148;153;195;200;201;
38;-5;-2.41;2.41;153;154;159;201;206;207;
39;-5;-2.41;0.83;159;160;165;207;212;213;
40;-5;-2.41;-0.83;165;166;171;213;218;219;
41;-5;-2.41;-2.41;171;172;176;219;223;224;
42;-5;-2.41;-3.74;176;177;180;224;228;229;
43;-5;-2.41;-4.66;180;181;183;229;232;233;
44;-5;-2.41;-5;183;233;235;2032;2037;2038;
45;-5;-0.83;5;191;194;243;2519;2524;2525;
46;-5;-0.83;4.66;194;195;200;243;246;247;
47;-5;-0.83;3.74;200;201;206;247;252;253;
48;-5;-0.83;2.41;206;207;212;253;258;259;
49;-5;-0.83;0.83;212;213;218;259;264;265;
50;-5;-0.83;-0.83;218;219;223;265;270;271;
51;-5;-0.83;-2.41;223;224;228;271;275;276;
52;-5;-0.83;-3.74;228;229;232;276;280;281;
53;-5;-0.83;-4.66;232;233;235;281;284;285;
54;-5;-0.83;-5;235;285;287;2026;2031;2032;
55;-5;0.83;5;243;246;295;2513;2518;2519;
56;-5;0.83;4.66;246;247;252;295;298;299;
57;-5;0.83;3.74;252;253;258;299;304;305;
58;-5;0.83;2.41;258;259;264;305;310;311;
59;-5;0.83;0.83;264;265;270;311;316;317;
60;-5;0.83;-0.83;270;271;275;317;322;323;
61;-5;0.83;-2.41;275;276;280;323;327;328;
62;-5;0.83;-3.74;280;281;284;328;332;333;
63;-5;0.83;-4.66;284;285;287;333;336;337;
64;-5;0.83;-5;287;337;339;2020;2025;2026;
65;-5;2.41;5;295;298;347;2507;2512;2513;
66;-5;2.41;4.66;298;299;304;347;350;351;
67;-5;2.41;3.74;304;305;310;351;356;357;
68;-5;2.41;2.41;310;311;316;357;362;363;
69;-5;2.41;0.83;316;317;322;363;368;369;
70;-5;2.41;-0.83;322;323;327;369;374;375;
71;-5;2.41;-2.41;327;328;332;375;379;380;
72;-5;2.41;-3.74;332;333;336;380;384;385;
73;-5;2.41;-4.66;336;337;339;385;388;389;
74;-5;2.41;-5;339;389;391;2014;2019;2020;
75;-5;3.74;5;347;350;399;2501;2506;2507;
76;-5;3.74;4.66;350;351;356;399;402;403;
77;-5;3.74;3.74;356;357;362;403;408;409;
78;-5;3.74;2.41;362;363;368;409;414;415;
79;-5;3.74;0.83;368;369;374;415;420;421;
80;-5;3.74;-0.83;374;375;379;421;425;426;
81;-5;3.74;-2.41;379;380;384;426;430;431;
82;-5;3.74;-3.74;384;385;388;431;435;436;
83;-5;3.74;-4.66;388;389;391;436;439;440;
84;-5;3.74;-5;391;440;442;2008;2013;2014;
85;-5;4.66;5;399;402;450;2497;2500;2501;
86;-5;4.66;4.66;402;403;408;450;453;454;
87;-5;4.66;3.74;408;409;414;454;459;460;
88;-5;4.66;2.41;414;415;420;460;465;466;
89;-5;4.66;0.83;420;421;425;466;471;472;
90;-5;4.66;-0.83;425;426;430;472;476;477;
91;-5;4.66;-2.41;430;431;435;477;481;482;
92;-5;4.66;-3.74;435;436;439;482;486;487;
93;-5;4.66;-4.66;439;440;442;487;490;491;
94;-5;4.66;-5;442;491;493;2004;2007;2008;
95;-5;5;5;450;453;1511;2497;
96;-5;5;4.66;453;454;459;1511;1514;1515;
97;-5;5;3.74;459;460;465;1515;1520;1521;
98;-5;5;2.41;465;466;471;1521;1526;1527;
99;-5;5;0.83;471;472;476;1527;1532;1533;
100;-5;5;-0.83;476;477;481;1533;1538;1539;
101;-5;5;-2.41;481;482;486;1539;1544;1545;
102;-5;5;-3.74;486;487;490;1545;1549;1550;
103;-5;5;-4.66;490;491;493;1550;1553;1554;
104;-5;5;-5;493;1554;1556;2004;
109;5;-5;5;525;1436;1439;2958;
110;5;-5;4.66;525;528;529;1439;1440;1445;
111;5;-5;3.74;529;534;535;1445;1446;1451;
112;5;-5;2.41;535;540;541;1451;1452;1457;
113;5;-5;0.83;541;546;547;1457;1458;1462;
114;5;-5;-0.83;547;552;553;1462;1463;1467;
115;5;-5;-2.41;553;558;559;1467;1468;1472;
116;5;-5;-3.74;559;563;564;1472;1473;1476;
117;5;-5;-4.66;564;567;568;1476;1477;1479;
118;5;-5;-5;568;570;1479;2465;
119;5;-4.66;5;525;528;578;2955;2956;2958;
120;5;-4.66;4.66;528;529;534;578;581;582;
121;5;-4.66;3.74;534;535;540;582;587;588;
122;5;-4.66;2.41;540;541;546;588;593;594;
123;5;-4.66;0.83;546;547;552;594;599;600;
124;5;-4.66;-0.83;552;553;558;600;605;606;
125;5;-4.66;-2.41;558;559;563;606;611;612;
126;5;-4.66;-3.74;563;564;567;612;616;617;
127;5;-4.66;-4.66;567;568;570;617;620;621;
128;5;-4.66;-5;570;621;623;2462;2463;2465;
129;5;-3.74;5;578;581;631;2951;2952;2955;
130;5;-3.74;4.66;581;582;587;631;634;635;
131;5;-3.74;3.74;587;588;593;635;640;641;
132;5;-3.74;2.41;593;594;599;641;646;647;
133;5;-3.74;0.83;599;600;605;647;652;653;
134;5;-3.74;-0.83;605;606;611;653;658;659;
135;5;-3.74;-2.41;611;612;616;659;664;665;
136;5;-3.74;-3.74;616;617;620;665;669;670;
137;5;-3.74;-4.66;620;621;623;670;673;674;
138;5;-3.74;-5;623;674;676;2458;2459;2462;
139;5;-2.41;5;631;634;684;2946;2947;2951;
140;5;-2.41;4.66;634;635;640;684;687;688;
141;5;-2.41;3.74;640;641;646;688;693;694;
142;5;-2.41;2.41;646;647;652;694;699;700;
143;5;-2.41;0.83;652;653;658;700;705;706;
144;5;-2.41;-0.83;658;659;664;706;711;712;
145;5;-2.41;-2.41;664;665;669;712;716;717;
146;5;-2.41;-3.74;669;670;673;717;721;722;
147;5;-2.41;-4.66;673;674;676;722;725;726;
148;5;-2.41;-5;676;726;728;2453;2454;2458;
149;5;-0.83;5;684;687;736;2941;2942;2946;
150;5;-0.83;4.66;687;688;693;736;739;740;
151;5;-0.83;3.74;693;694;699;740;745;746;
152;5;-0.83;2.41;699;700;705;746;751;752;
153;5;-0.83;0.83;705;706;711;752;757;758;
154;5;-0.83;-0.83;711;712;716;758;763;764;
155;5;-0.83;-2.41;716;717;721;764;768;769;
156;5;-0.83;-3.74;721;722;725;769;773;774;
157;5;-0.83;-4.66;725;726;728;774;777;778;
158;5;-0.83;-5;728;778;780;2448;2449;2453;
159;5;0.83;5;736;739;788;2936;2937;2941;
160;5;0.83;4.66;739;740;745;788;791;792;
161;5;0.83;3.74;745;746;751;792;797;798;
162;5;0.83;2.41;751;752;757;798;803;804;
163;5;0.83;0.83;757;758;763;804;809;810;
164;5;0.83;-0.83;763;764;768;810;815;816;
165;5;0.83;-2.41;768;769;773;816;820;821;
166;5;0.83;-3.74;773;774;777;821;825;826;
167;5;0.83;-4.66;777;778;780;826;829;830;
168;5;0.83;-5;780;830;832;2443;2444;2448;
169;5;2.41;5;788;791;840;2930;2931;2936;
170;5;2.41;4.66;791;792;797;840;843;844;
171;5;2.41;3.74;797;798;803;844;849;850;
172;5;2.41;2.41;803;804;809;850;855;856;
173;5;2.41;0.83;809;810;815;856;861;862;
174;5;2.41;-0.83;815;816;820;862;867;868;
175;5;2.41;-2.41;820;821;825;868;872;873;
176;5;2.41;-3.74;825;826;829;873;877;878;
177;5;2.41;-4.66;829;830;832;878;881;882;
178;5;2.41;-5;832;882;884;2437;2438;2443;
179;5;3.74;5;840;843;892;2924;2925;2930;
180;5;3.74;4.66;843;844;849;892;895;896;
181;5;3.74;3.74;849;850;855;896;901;902;
182;5;3.74;2.41;855;856;861;902;907;908;
183;5;3.74;0.83;861;862;867;908;913;914;
184;5;3.74;-0.83;867;868;872;914;918;919;
185;5;3.74;-2.41;872;873;877;919;923;924;
186;5;3.74;-3.74;877;878;881;924;928;929;
187;5;3.74;-4.66;881;882;884;929;932;933;
188;5;3.74;-5;884;933;935;2431;2432;2437;
189;5;4.66;5;892;895;943;2918;2919;2924;
190;5;4.66;4.66;895;896;901;943;946;947;
191;5;4.66;3.74;901;902;907;947;952;953;
192;5;4.66;2.41;907;908;913;953;958;959;
193;5;4.66;0.83;913;914;918;959;964;965;
194;5;4.66;-0.83;918;919;923;965;969;970;
195;5;4.66;-2.41;923;924;928;970;974;975;
196;5;4.66;-3.74;928;929;932;975;979;980;
197;5;4.66;-4.66;932;933;935;980;983;984;
198;5;4.66;-5;935;984;986;2425;2426;2431;
199;5;5;5;943;946;1929;1932;2915;2918;
200;5;5;4.66;946;947;952;1932;1933;1938;
201;5;5;3.74;952;953;958;1938;1939;1944;
202;5;5;2.41;958;959;964;1944;1945;1950;
203;5;5;0.83;964;965;969;1950;1951;1955;
204;5;5;-0.83;969;970;974;1955;1956;1960;
205;5;5;-2.41;974;975;979;1960;1961;1965;
206;5;5;-3.74;979;980;983;1965;1966;1969;
207;5;5;-4.66;983;984;986;1969;1970;1972;
208;5;5;-5;986;1972;2422;2425;
223;-4.66;-5;5;1018;1021;1071;2542;2593;2595;
224;-4.66;-5;4.66;1021;1022;1027;1071;1074;1075;
225;-4.66;-5;3.74;1027;1028;1033;1075;1080;1081;
226;-4.66;-5;2.41;1033;1034;1039;1081;1086;1087;
227;-4.66;-5;0.83;1039;1040;1045;1087;1092;1093;
228;-4.66;-5;-0.83;1045;1046;1051;1093;1098;1099;
229;-4.66;-5;-2.41;1051;1052;1056;1099;1104;1105;
230;-4.66;-5;-3.74;1056;1057;1060;1105;1109;1110;
231;-4.66;-5;-4.66;1060;1061;1063;1110;1113;1114;
232;-4.66;-5;-5;1063;1114;1116;2049;2100;2102;
233;-3.74;-5;5;1071;1074;1124;2595;2646;2648;
234;-3.74;-5;4.66;1074;1075;1080;1124;1127;1128;
235;-3.74;-5;3.74;1080;1081;1086;1128;1133;1134;
236;-3.74;-5;2.41;1086;1087;1092;1134;1139;1140;
237;-3.74;-5;0.83;1092;1093;1098;1140;1145;1146;
238;-3.74;-5;-0.83;1098;1099;1104;1146;1151;1152;
239;-3.74;-5;-2.41;1104;1105;1109;1152;1157;1158;
240;-3.74;-5;-3.74;1109;1110;1113;1158;1162;1163;
241;-3.74;-5;-4.66;1113;1114;1116;1163;1166;1167;
242;-3.74;-5;-5;1116;1167;1169;2102;2153;2155;
243;-2.41;-5;5;1124;1127;1177;2648;2698;2700;
244;-2.41;-5;4.66;1127;1128;1133;1177;1180;1181;
245;-2.41;-5;3.74;1133;1134;1139;1181;1186;1187;
246;-2.41;-5;2.41;1139;1140;1145;1187;1192;1193;
247;-2.41;-5;0.83;1145;1146;1151;1193;1198;1199;
248;-2.41;-5;-0.83;1151;1152;1157;1199;1204;1205;
249;-2.41;-5;-2.41;1157;1158;1162;1205;1209;1210;
250;-2.41;-5;-3.74;1162;1163;1166;1210;1214;1215;
251;-2.41;-5;-4.66;1166;1167;1169;1215;1218;1219;
252;-2.41;-5;-5;1169;1219;1221;2155;2205;2207;
253;-0.83;-5;5;1177;1180;1229;2700;2750;2752;
254;-0.83;-5;4.66;1180;1181;1186;1229;1232;1233;
255;-0.83;-5;3.74;1186;1187;1192;1233;1238;1239;
256;-0.83;-5;2.41;1192;1193;1198;1239;1244;1245;
257;-0.83;-5;0.83;1198;1199;1204;1245;1250;1251;
258;-0.83;-5;-0.83;1204;1205;1209;1251;1256;1257;
259;-0.83;-5;-2.41;1209;1210;1214;1257;1261;1262;
260;-0.83;-5;-3.74;1214;1215;1218;1262;1266;1267;
261;-0.83;-5;-4.66;1218;1219;1221;1267;1270;1271;
262;-0.83;-5;-5;1221;1271;1273;2207;2257;2259;
263;0.83;-5;5;1229;1232;1281;2752;2802;2804;
264;0.83;-5;4.66;1232;1233;1238;1281;1284;1285;
265;0.83;-5;3.74;1238;1239;1244;1285;1290;1291;
266;0.83;-5;2.41;1244;1245;1250;1291;1296;1297;
267;0.83;-5;0.83;1250;1251;1256;1297;1302;1303;
268;0.83;-5;-0.83;1256;1257;1261;1303;1308;1309;
269;0.83;-5;-2.41;1261;1262;1266;1309;1313;1314;
270;0.83;-5;-3.74;1266;1267;1270;1314;1318;1319;
271;0.83;-5;-4.66;1270;1271;1273;1319;1322;1323;
272;0.83;-5;-5;1273;1323;1325;2259;2309;2311;
273;2.41;-5;5;1281;1284;1333;2804;2854;2856;
274;2.41;-5;4.66;1284;1285;1290;1333;1336;1337;
275;2.41;-5;3.74;1290;1291;1296;1337;1342;1343;
276;2.41;-5;2.41;1296;1297;1302;1343;1348;1349;
277;2.41;-5;0.83;1302;1303;1308;1349;1354;1355;
278;2.41;-5;-0.83;1308;1309;1313;1355;1360;1361;
279;2.41;-5;-2.41;1313;1314;1318;1361;1365;1366;
280;2.41;-5;-3.74;1318;1319;1322;1366;1370;1371;
281;2.41;-5;-4.66;1322;1323;1325;1371;1374;1375;
282;2.41;-5;-5;1325;1375;1377;2311;2361;2363;
283;3.74;-5;5;1333;1336;1385;2856;2905;2907;
284;3.74;-5;4.66;1336;1337;1342;1385;1388;1389;
285;3.74;-5;3.74;1342;1343;1348;1389;1394;1395;
286;3.74;-5;2.41;1348;1349;1354;1395;1400;1401;
287;3.74;-5;0.83;1354;1355;1360;1401;1406;1407;
288;3.74;-5;-0.83;1360;1361;1365;1407;1411;1412;
289;3.74;-5;-2.41;1365;1366;1370;1412;1416;1417;
290;3.74;-5;-3.74;1370;1371;1374;1417;1421;1422;
291;3.74;-5;-4.66;1374;1375;1377;1422;1425;1426;
292;3.74;-5;-5;1377;1426;1428;2363;2412;2414;
293;4.66;-5;5;1385;1388;1436;2907;2956;2958;
294;4.66;-5;4.66;1388;1389;1394;1436;1439;1440;
295;4.66;-5;3.74;1394;1395;1400;1440;1445;1446;
296;4.66;-5;2.41;1400;1401;1406;1446;1451;1452;
297;4.66;-5;0.83;1406;1407;1411;1452;1457;1458;
298;4.66;-5;-0.83;1411;1412;1416;1458;1462;1463;
299;4.66;-5;-2.41;1416;1417;1421;1463;1467;1468;
300;4.66;-5;-3.74;1421;1422;1425;1468;1472;1473;
301;4.66;-5;-4.66;1425;1426;1428;1473;1476;1477;
302;4.66;-5;-5;1428;1477;1479;2414;2463;2465;
317;-4.66;5;5;1511;1514;1564;2497;2500;2550;
318;-4.66;5;4.66;1514;1515;1520;1564;1567;1568;
319;-4.66;5;3.74;1520;1521;1526;1568;1573;1574;
320;-4.66;5;2.41;1526;1527;1532;1574;1579;1580;
321;-4.66;5;0.83;1532;1533;1538;1580;1585;1586;
322;-4.66;5;-0.83;1538;1539;1544;1586;1591;1592;
323;-4.66;5;-2.41;1544;1545;1549;1592;1597;1598;
324;-4.66;5;-3.74;1549;1550;1553;1598;1602;1603;
325;-4.66;5;-4.66;1553;1554;1556;1603;1606;1607;
326;-4.66;5;-5;1556;1607;1609;2004;2007;2057;
327;-3.74;5;5;1564;1567;1617;2550;2553;2603;
328;-3.74;5;4.66;1567;1568;1573;1617;1620;1621;
329;-3.74;5;3.74;1573;1574;1579;1621;1626;1627;
330;-3.74;5;2.41;1579;1580;1585;1627;1632;1633;
331;-3.74;5;0.83;1585;1586;1591;1633;1638;1639;
332;-3.74;5;-0.83;1591;1592;1597;1639;1644;1645;
333;-3.74;5;-2.41;1597;1598;1602;1645;1650;1651;
334;-3.74;5;-3.74;1602;1603;1606;1651;1655;1656;
335;-3.74;5;-4.66;1606;1607;1609;1656;1659;1660;
336;-3.74;5;-5;1609;1660;1662;2057;2060;2110;
337;-2.41;5;5;1617;1620;1670;2603;2606;2656;
338;-2.41;5;4.66;1620;1621;1626;1670;1673;1674;
339;-2.41;5;3.74;1626;1627;1632;1674;1679;1680;
340;-2.41;5;2.41;1632;1633;1638;1680;1685;1686;
341;-2.41;5;0.83;1638;1639;1644;1686;1691;1692;
342;-2.41;5;-0.83;1644;1645;1650;1692;1697;1698;
343;-2.41;5;-2.41;1650;1651;1655;1698;1702;1703;
344;-2.41;5;-3.74;1655;1656;1659;1703;1707;1708;
345;-2.41;5;-4.66;1659;1660;1662;1708;1711;1712;
346;-2.41;5;-5;1662;1712;1714;2110;2113;2163;
347;-0.83;5;5;1670;1673;1722;2656;2659;2708;
348;-0.83;5;4.66;1673;1674;1679;1722;1725;1726;
349;-0.83;5;3.74;1679;1680;1685;1726;1731;1732;
350;-0.83;5;2.41;1685;1686;1691;1732;1737;1738;
351;-0.83;5;0.83;1691;1692;1697;1738;1743;1744;
352;-0.83;5;-0.83;1697;1698;1702;1744;1749;1750;
353;-0.83;5;-2.41;1702;1703;1707;1750;1754;1755;
354;-0.83;5;-3.74;1707;1708;1711;1755;1759;1760;
355;-0.83;5;-4.66;1711;1712;1714;1760;1763;1764;
356;-0.83;5;-5;1714;1764;1766;2163;2166;2215;
357;0.83;5;5;1722;1725;1774;2708;2711;2760;
358;0.83;5;4.66;1725;1726;1731;1774;1777;1778;
359;0.83;5;3.74;1731;1732;1737;1778;1783;1784;
360;0.83;5;2.41;1737;1738;1743;1784;1789;1790;
361;0.83;5;0.83;1743;1744;1749;1790;1795;1796;
362;0.83;5;-0.83;1749;1750;1754;1796;1801;1802;
363;0.83;5;-2.41;1754;1755;1759;1802;1806;1807;
364;0.83;5;-3.74;1759;1760;1763;1807;1811;1812;
365;0.83;5;-4.66;1763;1764;1766;1812;1815;1816;
366;0.83;5;-5;1766;1816;1818;2215;2218;2267;
367;2.41;5;5;1774;1777;1826;2760;2763;2812;
368;2.41;5;4.66;1777;1778;1783;1826;1829;1830;
369;2.41;5;3.74;1783;1784;1789;1830;1835;1836;
370;2.41;5;2.41;1789;1790;1795;1836;1841;1842;
371;2.41;5;0.83;1795;1796;1801;1842;1847;1848;
372;2.41;5;-0.83;1801;1802;1806;1848;1853;1854;
373;2.41;5;-2.41;1806;1807;1811;1854;1858;1859;
374;2.41;5;-3.74;1811;1812;1815;1859;1863;1864;
375;2.41;5;-4.66;1815;1816;1818;1864;1867;1868;
376;2.41;5;-5;1818;1868;1870;2267;2270;2319;
377;3.74;5;5;1826;1829;1878;2812;2815;2864;
378;3.74;5;4.66;1829;1830;1835;1878;1881;1882;
379;3.74;5;3.74;1835;1836;1841;1882;1887;1888;
380;3.74;5;2.41;1841;1842;1847;1888;1893;1894;
381;3.74;5;0.83;1847;1848;1853;1894;1899;1900;
382;3.74;5;-0.83;1853;1854;1858;1900;1904;1905;
383;3.74;5;-2.41;1858;1859;1863;1905;1909;1910;
384;3.74;5;-3.74;1863;1864;1867;1910;1914;1915;
385;3.74;5;-4.66;1867;1868;1870;1915;1918;1919;
386;3.74;5;-5;1870;1919;1921;2319;2322;2371;
387;4.66;5;5;1878;1881;1929;2864;2867;2915;
388;4.66;5;4.66;1881;1882;1887;1929;1932;1933;
389;4.66;5;3.74;1887;1888;1893;1933;1938;1939;
390;4.66;5;2.41;1893;1894;1899;1939;1944;1945;
391;4.66;5;0.83;1899;1900;1904;1945;1950;1951;
392;4.66;5;-0.83;1904;1905;1909;1951;1955;1956;
393;4.66;5;-2.41;1909;1910;1914;1956;1960;1961;
394;4.66;5;-3.74;1914;1915;1918;1961;1965;1966;
395;4.66;5;-4.66;1918;1919;1921;1966;1969;1970;
396;4.66;5;-5;1921;1970;1972;2371;2374;2422;
412;-4.66;4.66;-5;2007;2008;2013;2057;2060;2061;
413;-4.66;3.74;-5;2013;2014;2019;2061;2066;2067;
414;-4.66;2.41;-5;2019;2020;2025;2067;2072;2073;
415;-4.66;0.83;-5;2025;2026;2031;2073;2078;2079;
416;-4.66;-0.83;-5;2031;2032;2037;2079;2084;2085;
417;-4.66;-2.41;-5;2037;2038;2042;2085;2090;2091;
418;-4.66;-3.74;-5;2042;2043;2046;2091;2095;2096;
419;-4.66;-4.66;-5;2046;2047;2049;2096;2099;2100;
422;-3.74;4.66;-5;2060;2061;2066;2110;2113;2114;
423;-3.74;3.74;-5;2066;2067;2072;2114;2119;2120;
424;-3.74;2.41;-5;2072;2073;2078;2120;2125;2126;
425;-3.74;0.83;-5;2078;2079;2084;2126;2131;2132;
426;-3.74;-0.83;-5;2084;2085;2090;2132;2137;2138;
427;-3.74;-2.41;-5;2090;2091;2095;2138;2143;2144;
428;-3.74;-3.74;-5;2095;2096;2099;2144;2148;2149;
429;-3.74;-4.66;-5;2099;2100;2102;2149;2152;2153;
432;-2.41;4.66;-5;2113;2114;2119;2163;2166;2167;
433;-2.41;3.74;-5;2119;2120;2125;2167;2172;2173;
434;-2.41;2.41;-5;2125;2126;2131;2173;2178;2179;
435;-2.41;0.83;-5;2131;2132;2137;2179;2184;2185;
436;-2.41;-0.83;-5;2137;2138;2143;2185;2190;2191;
437;-2.41;-2.41;-5;2143;2144;2148;2191;2195;2196;
438;-2.41;-3.74;-5;2148;2149;2152;2196;2200;2201;
439;-2.41;-4.66;-5;2152;2153;2155;2201;2204;2205;
442;-0.83;4.66;-5;2166;2167;2172;2215;2218;2219;
443;-0.83;3.74;-5;2172;2173;2178;2219;2224;2225;
444;-0.83;2.41;-5;2178;2179;2184;2225;2230;2231;
445;-0.83;0.83;-5;2184;2185;2190;2231;2236;2237;
446;-0.83;-0.83;-5;2190;2191;2195;2237;2242;2243;
447;-0.83;-2.41;-5;2195;2196;2200;2243;2247;2248;
448;-0.83;-3.74;-5;2200;2201;2204;2248;2252;2253;
449;-0.83;-4.66;-5;2204;2205;2207;2253;2256;2257;
452;0.83;4.66;-5;2218;2219;2224;2267;2270;2271;
453;0.83;3.74;-5;2224;2225;2230;2271;2276;2277;
454;0.83;2.41;-5;2230;2231;2236;2277;2282;2283;
455;0.83;0.83;-5;2236;2237;2242;2283;2288;2289;
456;0.83;-0.83;-5;2242;2243;2247;2289;2294;2295;
457;0.83;-2.41;-5;2247;2248;2252;2295;2299;2300;
458;0.83;-3.74;-5;2252;2253;2256;2300;2304;2305;
459;0.83;-4.66;-5;2256;2257;2259;2305;2308;2309;
462;2.41;4.66;-5;2270;2271;2276;2319;2322;2323;
463;2.41;3.74;-5;2276;2277;2282;2323;2328;2329;
464;2.41;2.41;-5;2282;2283;2288;2329;2334;2335;
465;2.41;0.83;-5;2288;2289;2294;2335;2340;2341;
466;2.41;-0.83;-5;2294;2295;2299;2341;2346;2347;
467;2.41;-2.41;-5;2299;2300;2304;2347;2351;2352;
468;2.41;-3.74;-5;2304;2305;2308;2352;2356;2357;
469;2.41;-4.66;-5;2308;2309;2311;2357;2360;2361;
472;3.74;4.66;-5;2322;2323;2328;2371;2374;2375;
473;3.74;3.74;-5;2328;2329;2334;2375;2380;2381;
474;3.74;2.41;-5;2334;2335;2340;2381;2386;2387;
475;3.74;0.83;-5;2340;2341;2346;2387;2392;2393;
476;3.74;-0.83;-5;2346;2347;2351;2393;2397;2398;
477;3.74;-2.41;-5;2351;2352;2356;2398;2402;2403;
478;3.74;-3.74;-5;2356;2357;2360;2403;2407;2408;
479;3.74;-4.66;-5;2360;2361;2363;2408;2411;2412;
482;4.66;4.66;-5;2374;2375;2380;2422;2425;2426;
483;4.66;3.74;-5;2380;2381;2386;2426;2431;2432;
484;4.66;2.41;-5;2386;2387;2392;2432;2437;2438;
485;4.66;0.83;-5;2392;2393;2397;2438;2443;2444;
486;4.66;-0.83;-5;2397;2398;2402;2444;2448;2449;
487;4.66;-2.41;-5;2402;2403;2407;2449;2453;2454;
488;4.66;-3.74;-5;2407;2408;2411;2454;2458;2459;
489;4.66;-4.66;-5;2411;2412;2414;2459;2462;2463;
505;-4.66;4.66;5;2500;2501;2506;2550;2553;2554;
506;-4.66;3.74;5;2506;2507;2512;2554;2559;2560;
507;-4.66;2.41;5;2512;2513;2518;2560;2565;2566;
508;-4.66;0.83;5;2518;2519;2524;2566;2571;2572;
509;-4.66;-0.83;5;2524;2525;2530;2572;2577;2578;
510;-4.66;-2.41;5;2530;2531;2535;2578;2583;2584;
511;-4.66;-3.74;5;2535;2536;2539;2584;2588;2589;
512;-4.66;-4.66;5;2539;2540;2542;2589;2592;2593;
515;-3.74;4.66;5;2553;2554;2559;2603;2606;2607;
516;-3.74;3.74;5;2559;2560;2565;2607;2612;2613;
517;-3.74;2.41;5;2565;2566;2571;2613;2618;2619;
518;-3.74;0.83;5;2571;2572;2577;2619;2624;2625;
519;-3.74;-0.83;5;2577;2578;2583;2625;2630;2631;
520;-3.74;-2.41;5;2583;2584;2588;2631;2636;2637;
521;-3.74;-3.74;5;2588;2589;2592;2637;2641;2642;
522;-3.74;-4.66;5;2592;2593;2595;2642;2645;2646;
525;-2.41;4.66;5;2606;2607;2612;2656;2659;2660;
526;-2.41;3.74;5;2612;2613;2618;2660;2665;2666;
527;-2.41;2.41;5;2618;2619;2624;2666;2671;2672;
528;-2.41;0.83;5;2624;2625;2630;2672;2677;2678;
529;-2.41;-0.83;5;2630;2631;2636;2678;2683;2684;
530;-2.41;-2.41;5;2636;2637;2641;2684;2688;2689;
531;-2.41;-3.74;5;2641;2642;2645;2689;2693;2694;
532;-2.41;-4.66;5;2645;2646;2648;2694;2697;2698;
535;-0.83;4.66;5;2659;2660;2665;2708;2711;2712;
536;-0.83;3.74;5;2665;2666;2671;2712;2717;2718;
537;-0.83;2.41;5;2671;2672;2677;2718;2723;2724;
538;-0.83;0.83;5;2677;2678;2683;2724;2729;2730;
539;-0.83;-0.83;5;2683;2684;2688;2730;2735;2736;
540;-0.83;-2.41;5;2688;2689;2693;2736;2740;2741;
541;-0.83;-3.74;5;2693;2694;2697;2741;2745;2746;
542;-0.83;-4.66;5;2697;2698;2700;2746;2749;2750;
545;0.83;4.66;5;2711;2712;2717;2760;2763;2764;
546;0.83;3.74;5;2717;2718;2723;2764;2769;2770;
547;0.83;2.41;5;2723;2724;2729;2770;2775;2776;
548;0.83;0.83;5;2729;2730;2735;2776;2781;2782;
549;0.83;-0.83;5;2735;2736;2740;2782;2787;2788;
550;0.83;-2.41;5;2740;2741;2745;2788;2792;2793;
551;0.83;-3.74;5;2745;2746;2749;2793;2797;2798;
552;0.83;-4.66;5;2749;2750;2752;2798;2801;2802;
555;2.41;4.66;5;2763;2764;2769;2812;2815;2816;
556;2.41;3.74;5;2769;2770;2775;2816;2821;2822;
557;2.41;2.41;5;2775;2776;2781;2822;2827;2828;
558;2.41;0.83;5;2781;2782;2787;2828;2833;2834;
559;2.41;-0.83;5;2787;2788;2792;2834;2839;2840;
560;2.41;-2.41;5;2792;2793;2797;2840;2844;2845;
561;2.41;-3.74;5;2797;2798;2801;2845;2849;2850;
562;2.41;-4.66;5;2801;2802;2804;2850;2853;2854;
565;3.74;4.66;5;2815;2816;2821;2864;2867;2868;
566;3.74;3.74;5;2821;2822;2827;2868;2873;2874;
567;3.74;2.41;5;2827;2828;2833;2874;2879;2880;
568;3.74;0.83;5;2833;2834;2839;2880;2885;2886;
569;3.74;-0.83;5;2839;2840;2844;2886;2890;2891;
570;3.74;-2.41;5;2844;2845;2849;2891;2895;2896;
571;3.74;-3.74;5;2849;2850;2853;2896;2900;2901;
572;3.74;-4.66;5;2853;2854;2856;2901;2904;2905;
575;4.66;4.66;5;2867;2868;2873;2915;2918;2919;
576;4.66;3.74;5;2873;2874;2879;2919;2924;2925;
577;4.66;2.41;5;2879;2880;2885;2925;2930;2931;
578;4.66;0.83;5;2885;2886;2890;2931;2936;2937;
579;4.66;-0.83;5;2890;2891;2895;2937;2941;2942;
580;4.66;-2.41;5;2895;2896;2900;2942;2946;2947;
581;4.66;-3.74;5;2900;2901;2904;2947;2951;2952;
582;4.66;-4.66;5;2904;2905;2907;2952;2955;2956;

ELEMENT ID;NEIGHBOUR REFERENCES;;;;NODE REFERENCES;;;
32;1018;35;2540;15;5;6;
35;32;36;85;16;15;6;
36;1022;41;35;16;6;7;
41;36;42;89;17;16;7;
42;1028;47;41;17;7;8;
47;42;48;95;18;17;8;
48;1034;53;47;18;8;9;
53;48;54;101;19;18;9;
54;1040;59;53;19;9;10;
59;54;60;107;20;19;10;
60;1046;65;59;20;10;11;
65;60;66;113;21;20;11;
66;1052;70;65;21;11;12;
70;66;71;119;22;21;12;
71;1057;74;70;22;12;13;
74;71;75;124;23;22;13;
75;1061;77;74;23;13;14;
77;75;2047;128;24;23;14;
85;35;88;2536;25;15;16;
88;85;89;138;26;25;16;
89;41;94;88;26;16;17;
94;89;95;142;27;26;17;
95;47;100;94;27;17;18;
100;95;101;148;28;27;18;
101;53;106;100;28;18;19;
106;101;107;154;29;28;19;
107;59;112;106;29;19;20;
112;107;113;160;30;29;20;
113;65;118;112;30;20;21;
118;113;119;166;31;30;21;
119;70;123;118;31;21;22;
123;119;124;172;32;31;22;
124;74;127;123;32;22;23;
127;124;128;177;33;32;23;
128;77;130;127;33;23;24;
130;128;2043;181;34;33;24;
138;88;141;2531;35;25;26;
141;138;142;191;36;35;26;
142;94;147;141;36;26;27;
147;142;148;195;37;36;27;
148;100;153;147;37;27;28;
153;148;154;201;38;37;28;
154;106;159;153;38;28;29;
159;154;160;207;39;38;29;
160;112;165;159;39;29;30;
165;160;166;213;40;39;30;
166;118;171;165;40;30;31;
171;166;172;219;41;40;31;
172;123;176;171;41;31;32;
176;172;177;224;42;41;32;
177;127;180;176;42;32;33;
180;177;181;229;43;42;33;
181;130;183;180;43;33;34;
183;181;2038;233;44;43;34;
191;141;194;2525;45;35;36;
194;191;195;243;46;45;36;
195;147;200;194;46;36;37;
200;195;201;247;47;46;37;
201;153;206;200;47;37;38;
206;201;207;253;48;47;38;
207;159;212;206;48;38;39;
212;207;213;259;49;48;39;
213;165;218;212;49;39;40;
218;213;219;265;50;49;40;
219;171;223;218;50;40;41;
223;219;224;271;51;50;41;
224;176;228;223;51;41;42;
228;224;229;276;52;51;42;
229;180;232;228;52;42;43;
232;229;233;281;53;52;43;
233;183;235;232;53;43;44;
235;233;2032;285;54;53;44;
243;194;246;2519;55;45;46;
246;243;247;295;56;55;46;
247;200;252;246;56;46;47;
252;247;253;299;57;56;47;
253;206;258;252;57;47;48;
258;253;259;305;58;57;48;
259;212;264;258;58;48;49;
264;259;265;311;59;58;49;
265;218;270;264;59;49;50;
270;265;271;317;60;59;50;
271;223;275;270;60;50;51;
275;271;276;323;61;60;51;
276;228;280;275;61;51;52;
280;276;281;328;62;61;52;
281;232;284;280;62;52;53;
284;281;285;333;63;62;53;
285;235;287;284;63;53;54;
287;285;2026;337;64;63;54;
295;246;298;2513;65;55;56;
298;295;299;347;66;65;56;
299;252;304;298;66;56;57;
304;299;305;351;67;66;57;
305;258;310;304;67;57;58;
310;305;311;357;68;67;58;
311;264;316;310;68;58;59;
316;311;317;363;69;68;59;
317;270;322;316;69;59;60;
322;317;323;369;70;69;60;
323;275;327;322;70;60;61;
327;323;328;375;71;70;61;
328;280;332;327;71;61;62;
332;328;333;380;72;71;62;
333;284;336;332;72;62;63;
336;333;337;385;73;72;63;
337;287;339;336;73;63;64;
339;337;2020;389;74;73;64;
347;298;350;2507;75;65;66;
350;347;351;399;76;75;66;
351;304;356;350;76;66;67;
356;351;357;403;77;76;67;
357;310;362;356;77;67;68;
362;357;363;409;78;77;68;
363;316;368;362;78;68;69;
368;363;369;415;79;78;69;
369;322;374;368;79;69;70;
374;369;375;421;80;79;70;
375;327;379;374;80;70;71;
379;375;380;426;81;80;71;
380;332;384;379;81;71;72;
384;380;385;431;82;81;72;
385;336;388;384;82;72;73;
388;385;389;436;83;82;73;
389;339;391;388;83;73;74;
391;389;2014;440;84;83;74;
399;350;402;2501;85;75;76;
402;399;403;450;86;85;76;
403;356;408;402;86;76;77;
408;403;409;454;87;86;77;
409;362;414;408;87;77;78;
414;409;415;460;88;87;78;
415;368;420;414;88;78;79;
420;415;421;466;89;88;79;
421;374;425;420;89;79;80;
425;421;426;472;90;89;80;
426;379;430;425;90;80;81;
430;426;431;477;91;90;81;
431;384;435;430;91;81;82;
435;431;436;482;92;91;82;
436;388;439;435;92;82;83;
439;436;440;487;93;92;83;
440;391;442;439;93;83;84;
442;440;2008;491;94;93;84;
450;402;453;2497;95;85;86;
453;450;454;1511;96;95;86;
454;408;459;453;96;86;87;
459;454;460;1515;97;96;87;
460;414;465;459;97;87;88;
465;460;466;1521;98;97;88;
466;420;471;465;98;88;89;
471;466;472;1527;99;98;89;
472;425;476;471;99;89;90;
476;472;477;1533;100;99;90;
477;430;481;476;100;90;91;
481;477;482;1539;101;100;91;
482;435;486;481;101;91;92;
486;482;487;1545;102;101;92;
487;439;490;486;102;92;93;
490;487;491;1550;103;102;93;
491;442;493;490;103;93;94;
493;491;2004;1554;104;103;94;
525;1439;528;2958;119;109;110;
528;525;529;578;120;119;110;
529;1445;534;528;120;110;111;
534;529;535;582;121;120;111;
535;1451;540;534;121;111;112;
540;535;541;588;122;121;112;
541;1457;546;540;122;112;113;
546;541;547;594;123;122;113;
547;1462;552;546;123;113;114;
552;547;553;600;124;123;114;
553;1467;558;552;124;114;115;
558;553;559;606;125;124;115;
559;1472;563;558;125;115;116;
563;559;564;612;126;125;116;
564;1476;567;563;126;116;117;
567;564;568;617;127;126;117;
568;1479;570;567;127;117;118;
570;568;2465;621;128;127;118;
578;528;581;2955;129;119;120;
581;578;582;631;130;129;120;
582;534;587;581;130;120;121;
587;582;588;635;131;130;121;
588;540;593;587;131;121;122;
593;588;594;641;132;131;122;
594;546;599;593;132;122;123;
599;594;600;647;133;132;123;
600;552;605;599;133;123;124;
605;600;606;653;134;133;124;
606;558;611;605;134;124;125;
611;606;612;659;135;134;125;
612;563;616;611;135;125;126;
616;612;617;665;136;135;126;
617;567;620;616;136;126;127;
620;617;621;670;137;136;127;
621;570;623;620;137;127;128;
623;621;2462;674;138;137;128;
631;581;634;2951;139;129;130;
634;631;635;684;140;139;130;
635;587;640;634;140;130;131;
640;635;641;688;141;140;131;
641;593;646;640;141;131;132;
646;641;647;694;142;141;132;
647;599;652;646;142;132;133;
652;647;653;700;143;142;133;
653;605;658;652;143;133;134;
658;653;659;706;144;143;134;
659;611;664;658;144;134;135;
664;659;665;712;145;144;135;
665;616;669;664;145;135;136;
669;665;670;717;146;145;136;
670;620;673;669;146;136;137;
673;670;674;722;147;146;137;
674;623;676;673;147;137;138;
676;674;2458;726;148;147;138;
684;634;687;2946;149;139;140;
687;684;688;736;150;149;140;
688;640;693;687;150;140;141;
693;688;694;740;151;150;141;
694;646;699;693;151;141;142;
699;694;700;746;152;151;142;
700;652;705;699;152;142;143;
705;700;706;752;153;152;143;
706;658;711;705;153;143;144;
711;706;712;758;154;153;144;
712;664;716;711;154;144;145;
716;712;717;764;155;154;145;
717;669;721;716;155;145;146;
721;717;722;769;156;155;146;
722;673;725;721;156;146;147;
725;722;726;774;157;156;147;
726;676;728;725;157;147;148;
728;726;2453;778;158;157;148;
736;687;739;2941;159;149;150;
739;736;740;788;160;159;150;
740;693;745;739;160;150;151;
745;740;746;792;161;160;151;
746;699;751;745;161;151;152;
751;746;752;798;162;161;152;
752;705;757;751;162;152;153;
757;752;758;804;163;162;153;
758;711;763;757;163;153;154;
763;758;764;810;164;163;154;
764;716;768;763;164;154;155;
768;764;769;816;165;164;155;
769;721;773;768;165;155;156;
773;769;774;821;166;165;156;
774;725;777;773;166;156;157;
777;774;778;826;167;166;157;
778;728;780;777;167;157;158;
780;778;2448;830;168;167;158;
788;739;791;2936;169;159;160;
791;788;792;840;170;169;160;
792;745;797;791;170;160;161;
797;792;798;844;171;170;161;
798;751;803;797;171;161;162;
803;798;804;850;172;171;162;
804;757;809;803;172;162;163;
809;804;810;856;173;172;163;
810;763;815;809;173;163;164;
815;810;816;862;174;173;164;
816;768;820;815;174;164;165;
820;816;821;868;175;174;165;
821;773;825;820;175;165;166;
825;821;826;873;176;175;166;
826;777;829;825;176;166;167;
829;826;830;878;177;176;167;
830;780;832;829;177;167;168;
832;830;2443;882;178;177;168;
840;791;843;2930;179;169;170;
843;840;844;892;180;179;170;
844;797;849;843;180;170;171;
849;844;850;896;181;180;171;
850;803;855;849;181;171;172;
855;850;856;902;182;181;172;
856;809;861;855;182;172;173;
861;856;862;908;183;182;173;
862;815;867;861;183;173;174;
867;862;868;914;184;183;174;
868;820;872;867;184;174;175;
872;868;873;919;185;184;175;
873;825;877;872;185;175;176;
877;873;878;924;186;185;176;
878;829;881;877;186;176;177;
881;878;882;929;187;186;177;
882;832;884;881;187;177;178;
884;882;2437;933;188;187;178;
892;843;895;2924;189;179;180;
895;892;896;943;190;189;180;
896;849;901;895;190;180;181;
901;896;902;947;191;190;181;
902;855;907;901;191;181;182;
907;902;908;953;192;191;182;
908;861;913;907;192;182;183;
913;908;914;959;193;192;183;
914;867;918;913;193;183;184;
918;914;919;965;194;193;184;
919;872;923;918;194;184;185;
923;919;924;970;195;194;185;
924;877;928;923;195;185;186;
928;924;929;975;196;195;186;
929;881;932;928;196;186;187;
932;929;933;980;197;196;187;
933;884;935;932;197;187;188;
935;933;2431;984;198;197;188;
943;895;946;2918;199;189;190;
946;943;947;1932;200;199;190;
947;901;952;946;200;190;191;
952;947;953;1938;201;200;191;
953;907;958;952;201;191;192;
958;953;959;1944;202;201;192;
959;913;964;958;202;192;193;
964;959;965;1950;203;202;193;
965;918;969;964;203;193;194;
969;965;970;1955;204;203;194;
970;923;974;969;204;194;195;
974;970;975;1960;205;204;195;
975;928;979;974;205;195;196;
979;975;980;1965;206;205;196;
980;932;983;979;206;196;197;
983;980;984;1969;207;206;197;
984;935;986;983;207;197;198;
986;984;2425;1972;208;207;198;
1018;32;1021;2542;223;5;6;
1021;1018;1022;1071;224;223;6;
1022;36;1027;1021;224;6;7;
1027;1022;1028;1075;225;224;7;
1028;42;1033;1027;225;7;8;
1033;1028;1034;1081;226;225;8;
1034;48;1039;1033;226;8;9;
1039;1034;1040;1087;227;226;9;
1040;54;1045;1039;227;9;10;
1045;1040;1046;1093;228;227;10;
1046;60;1051;1045;228;10;11;
1051;1046;1052;1099;229;228;11;
1052;66;1056;1051;229;11;12;
1056;1052;1057;1105;230;229;12;
1057;71;1060;1056;230;12;13;
1060;1057;1061;1110;231;230;13;
1061;75;1063;1060;231;13;14;
1063;1061;2049;1114;232;231;14;
1071;1021;1074;2595;233;223;224;
1074;1071;1075;1124;234;233;224;
1075;1027;1080;1074;234;224;225;
1080;1075;1081;1128;235;234;225;
1081;1033;1086;1080;235;225;226;
1086;1081;1087;1134;236;235;226;
1087;1039;1092;1086;236;226;227;
1092;1087;1093;1140;237;236;227;
1093;1045;1098;1092;237;227;228;
1098;1093;1099;1146;238;237;228;
1099;1051;1104;1098;238;228;229;
1104;1099;1105;1152;239;238;229;
1105;1056;1109;1104;239;229;230;
1109;1105;1110;1158;240;239;230;
1110;1060;1113;1109;240;230;231;
1113;1110;1114;1163;241;240;231;
1114;1063;1116;1113;241;231;232;
1116;1114;2102;1167;242;241;232;
1124;1074;1127;2648;243;233;234;
1127;1124;1128;1177;244;243;234;
1128;1080;1133;1127;244;234;235;
1133;1128;1134;1181;245;244;235;
1134;1086;1139;1133;245;235;236;
1139;1134;1140;1187;246;245;236;
1140;1092;1145;1139;246;236;237;
1145;1140;1146;1193;247;246;237;
1146;1098;1151;1145;247;237;238;
1151;1146;1152;1199;248;247;238;
1152;1104;1157;1151;248;238;239;
1157;1152;1158;1205;249;248;239;
1158;1109;1162;1157;249;239;240;
1162;1158;1163;1210;250;249;240;
1163;1113;1166;1162;250;240;241;
1166;1163;1167;1215;251;250;241;
1167;1116;1169;1166;251;241;242;
1169;1167;2155;1219;252;251;242;
1177;1127;1180;2700;253;243;244;
1180;1177;1181;1229;254;253;244;
1181;1133;1186;1180;254;244;245;
1186;1181;1187;1233;255;254;245;
1187;1139;1192;1186;255;245;246;
1192;1187;1193;1239;256;255;246;
1193;1145;1198;1192;256;246;247;
1198;1193;1199;1245;257;256;247;
1199;1151;1204;1198;257;247;248;
1204;1199;1205;1251;258;257;248;
1205;1157;1209;1204;258;248;249;
1209;1205;1210;1257;259;258;249;
1210;1162;1214;1209;259;249;250;
1214;1210;1215;1262;260;259;250;
1215;1166;1218;1214;260;250;251;
1218;1215;1219;1267;261;260;251;
1219;1169;1221;1218;261;251;252;
1221;1219;2207;1271;262;261;252;
1229;1180;1232;2752;263;253;254;
1232;1229;1233;1281;264;263;254;
1233;1186;1238;1232;264;254;255;
1238;1233;1239;1285;265;264;255;
1239;1192;1244;1238;265;255;256;
1244;1239;1245;1291;266;265;256;
1245;1198;1250;1244;266;256;257;
1250;1245;1251;1297;267;266;257;
1251;1204;1256;1250;267;257;258;
1256;1251;1257;1303;268;267;258;
1257;1209;1261;1256;268;258;259;
1261;1257;1262;1309;269;268;259;
1262;1214;1266;1261;269;259;260;
1266;1262;1267;1314;270;269;260;
1267;1218;1270;1266;270;260;261;
1270;1267;1271;1319;271;270;261;
1271;1221;1273;1270;271;261;262;
1273;1271;2259;1323;272;271;262;
1281;1232;1284;2804;273;263;264;
1284;1281;1285;1333;274;273;264;
1285;1238;1290;1284;274;264;265;
1290;1285;1291;1337;275;274;265;
1291;1244;1296;1290;275;265;266;
1296;1291;1297;1343;276;275;266;
1297;1250;1302;1296;276;266;267;
1302;1297;1303;1349;277;276;267;
1303;1256;1308;1302;277;267;268;
1308;1303;1309;1355;278;277;268;
1309;1261;1313;1308;278;268;269;
1313;1309;1314;1361;279;278;269;
1314;1266;1318;1313;279;269;270;
1318;1314;1319;1366;280;279;270;
1319;1270;1322;1318;280;270;271;
1322;1319;1323;1371;281;280;271;
1323;1273;1325;1322;281;271;272;
1325;1323;2311;1375;282;281;272;
1333;1284;1336;2856;283;273;274;
1336;1333;1337;1385;284;283;274;
1337;1290;1342;1336;284;274;275;
1342;1337;1343;1389;285;284;275;
1343;1296;1348;1342;285;275;276;
1348;1343;1349;1395;286;285;276;
1349;1302;1354;1348;286;276;277;
1354;1349;1355;1401;287;286;277;
1355;1308;1360;1354;287;277;278;
1360;1355;1361;1407;288;287;278;
1361;1313;1365;1360;288;278;279;
1365;1361;1366;1412;289;288;279;
1366;1318;1370;1365;289;279;280;
1370;1366;1371;1417;290;289;280;
1371;1322;1374;1370;290;280;281;
1374;1371;1375;1422;291;290;281;
1375;1325;1377;1374;291;281;282;
1377;1375;2363;1426;292;291;282;
1385;1336;1388;2907;293;283;284;
1388;1385;1389;1436;294;293;284;
1389;1342;1394;1388;294;284;285;
1394;1389;1395;1440;295;294;285;
1395;1348;1400;1394;295;285;286;
1400;1395;1401;1446;296;295;286;
1401;1354;1406;1400;296;286;287;
1406;1401;1407;1452;297;296;287;
1407;1360;1411;1406;297;287;288;
1411;1407;1412;1458;298;297;288;
1412;1365;1416;1411;298;288;289;
1416;1412;1417;1463;299;298;289;
1417;1370;1421;1416;299;289;290;
1421;1417;1422;1468;300;299;290;
1422;1374;1425;1421;300;290;291;
1425;1422;1426;1473;301;300;291;
1426;1377;1428;1425;301;291;292;
1428;1426;2414;1477;302;301;292;
1436;1388;1439;2958;109;293;294;
1439;1436;1440;525;110;109;294;
1440;1394;1445;1439;110;294;295;
1445;1440;1446;529;111;110;295;
1446;1400;1451;1445;111;295;296;
1451;1446;1452;535;112;111;296;
1452;1406;1457;1451;112;296;297;
1457;1452;1458;541;113;112;297;
1458;1411;1462;1457;113;297;298;
1462;1458;1463;547;114;113;298;
1463;1416;1467;1462;114;298;299;
1467;1463;1468;553;115;114;299;
1468;1421;1472;1467;115;299;300;
1472;1468;1473;559;116;115;300;
1473;1425;1476;1472;116;300;301;
1476;1473;1477;564;117;116;301;
1477;1428;1479;1476;117;301;302;
1479;1477;2465;568;118;117;302;
1511;453;1514;2497;317;95;96;
1514;1511;1515;1564;318;317;96;
1515;459;1520;1514;318;96;97;
1520;1515;1521;1568;319;318;97;
1521;465;1526;1520;319;97;98;
1526;1521;1527;1574;320;319;98;
1527;471;1532;1526;320;98;99;
1532;1527;1533;1580;321;320;99;
1533;476;1538;1532;321;99;100;
1538;1533;1539;1586;322;321;100;
1539;481;1544;1538;322;100;101;
1544;1539;1545;1592;323;322;101;
1545;486;1549;1544;323;101;102;
1549;1545;1550;1598;324;323;102;
1550;490;1553;1549;324;102;103;
1553;1550;1554;1603;325;324;103;
1554;493;1556;1553;325;103;104;
1556;1554;2004;1607;326;325;104;
1564;1514;1567;2550;327;317;318;
1567;1564;1568;1617;328;327;318;
1568;1520;1573;1567;328;318;319;
1573;1568;1574;1621;329;328;319;
1574;1526;1579;1573;329;319;320;
1579;1574;1580;1627;330;329;320;
1580;1532;1585;1579;330;320;321;
1585;1580;1586;1633;331;330;321;
1586;1538;1591;1585;331;321;322;
1591;1586;1592;1639;332;331;322;
1592;1544;1597;1591;332;322;323;
1597;1592;1598;1645;333;332;323;
1598;1549;1602;1597;333;323;324;
1602;1598;1603;1651;334;333;324;
1603;1553;1606;1602;334;324;325;
1606;1603;1607;1656;335;334;325;
1607;1556;1609;1606;335;325;326;
1609;1607;2057;1660;336;335;326;
1617;1567;1620;2603;337;327;328;
1620;1617;1621;1670;338;337;328;
1621;1573;1626;1620;338;328;329;
1626;1621;1627;1674;339;338;329;
1627;1579;1632;1626;339;329;330;
1632;1627;1633;1680;340;339;330;
1633;1585;1638;1632;340;330;331;
1638;1633;1639;1686;341;340;331;
1639;1591;1644;1638;341;331;332;
1644;1639;1645;1692;342;341;332;
1645;1597;1650;1644;342;332;333;
1650;1645;1651;1698;343;342;333;
1651;1602;1655;1650;343;333;334;
1655;1651;1656;1703;344;343;334;
1656;1606;1659;1655;344;334;335;
1659;1656;1660;1708;345;344;335;
1660;1609;1662;1659;345;335;336;
1662;1660;2110;1712;346;345;336;
1670;1620;1673;2656;347;337;338;
1673;1670;1674;1722;348;347;338;
1674;1626;1679;1673;348;338;339;
1679;1674;1680;1726;349;348;339;
1680;1632;1685;1679;349;339;340;
1685;1680;1686;1732;350;349;340;
1686;1638;1691;1685;350;340;341;
1691;1686;1692;1738;351;350;341;
1692;1644;1697;1691;351;341;342;
1697;1692;1698;1744;352;351;342;
1698;1650;1702;1697;352;342;343;
1702;1698;1703;1750;353;352;343;
1703;1655;1707;1702;353;343;344;
1707;1703;1708;1755;354;353;344;
1708;1659;1711;1707;354;344;345;
1711;1708;1712;1760;355;354;345;
1712;1662;1714;1711;355;345;346;
1714;1712;2163;1764;356;355;346;
1722;1673;1725;2708;357;347;348;
1725;1722;1726;1774;358;357;348;
1726;1679;1731;1725;358;348;349;
1731;1726;1732;1778;359;358;349;
1732;1685;1737;1731;359;349;350;
1737;1732;1738;1784;360;359;350;
1738;1691;1743;1737;360;350;351;
1743;1738;1744;1790;361;360;351;
1744;1697;1749;1743;361;351;352;
1749;1744;1750;1796;362;361;352;
1750;1702;1754;1749;362;352;353;
1754;1750;1755;1802;363;362;353;
1755;1707;1759;1754;363;353;354;
1759;1755;1760;1807;364;363;354;
1760;1711;1763;1759;364;354;355;
1763;1760;1764;1812;365;364;355;
1764;1714;1766;1763;365;355;356;
1766;1764;2215;1816;366;365;356;
1774;1725;1777;2760;367;357;358;
1777;1774;1778;1826;368;367;358;
1778;1731;1783;1777;368;358;359;
1783;1778;1784;1830;369;368;359;
1784;1737;1789;1783;369;359;360;
1789;1784;1790;1836;370;369;360;
1790;1743;1795;1789;370;360;361;
1795;1790;1796;1842;371;370;361;
1796;1749;1801;1795;371;361;362;
1801;1796;1802;1848;372;371;362;
1802;1754;1806;1801;372;362;363;
1806;1802;1807;1854;373;372;363;
1807;1759;1811;1806;373;363;364;
1811;1807;1812;1859;374;373;364;
1812;1763;1815;1811;374;364;365;
1815;1812;1816;1864;375;374;365;
1816;1766;1818;1815;375;365;366;
1818;1816;2267;1868;376;375;366;
1826;1777;1829;2812;377;367;368;
1829;1826;1830;1878;378;377;368;
1830;1783;1835;1829;378;368;369;
1835;1830;1836;1882;379;378;369;
1836;1789;1841;1835;379;369;370;
1841;1836;1842;1888;380;379;370;
1842;1795;1847;1841;380;370;371;
1847;1842;1848;1894;381;380;371;
1848;1801;1853;1847;381;371;372;
1853;1848;1854;1900;382;381;372;
1854;1806;1858;1853;382;372;373;
1858;1854;1859;1905;383;382;373;
1859;1811;1863;1858;383;373;374;
1863;1859;1864;1910;384;383;374;
1864;1815;1867;1863;384;374;375;
1867;1864;1868;1915;385;384;375;
1868;1818;1870;1867;385;375;376;
1870;1868;2319;1919;386;385;376;
1878;1829;1881;2864;387;377;378;
1881;1878;1882;1929;388;387;378;
1882;1835;1887;1881;388;378;379;
1887;1882;1888;1933;389;388;379;
1888;1841;1893;1887;389;379;380;
1893;1888;1894;1939;390;389;380;
1894;1847;1899;1893;390;380;381;
1899;1894;1900;1945;391;390;381;
1900;1853;1904;1899;391;381;382;
1904;1900;1905;1951;392;391;382;
1905;1858;1909;1904;392;382;383;
1909;1905;1910;1956;393;392;383;
1910;1863;1914;1909;393;383;384;
1914;1910;1915;1961;394;393;384;
1915;1867;1918;1914;394;384;385;
1918;1915;1919;1966;395;394;385;
1919;1870;1921;1918;395;385;386;
1921;1919;2371;1970;396;395;386;
1929;1881;1932;2915;199;387;388;
1932;1929;1933;946;200;199;388;
1933;1887;1938;1932;200;388;389;
1938;1933;1939;952;201;200;389;
1939;1893;1944;1938;201;389;390;
1944;1939;1945;958;202;201;390;
1945;1899;1950;1944;202;390;391;
1950;1945;1951;964;203;202;391;
1951;1904;1955;1950;203;391;392;
1955;1951;1956;969;204;203;392;
1956;1909;1960;1955;204;392;393;
1960;1956;1961;974;205;204;393;
1961;1914;1965;1960;205;393;394;
1965;1961;1966;979;206;205;394;
1966;1918;1969;1965;206;394;395;
1969;1966;1970;983;207;206;395;
1970;1921;1972;1969;207;395;396;
1972;1970;2422;986;208;207;396;
2004;493;2007;1556;326;104;94;
2007;2004;2008;2057;412;326;94;
2008;442;2013;2007;412;94;84;
2013;2008;2014;2061;413;412;84;
2014;391;2019;2013;413;84;74;
2019;2014;2020;2067;414;413;74;
2020;339;2025;2019;414;74;64;
2025;2020;2026;2073;415;414;64;
2026;287;2031;2025;415;64;54;
2031;2026;2032;2079;416;415;54;
2032;235;2037;2031;416;54;44;
2037;2032;2038;2085;417;416;44;
2038;183;2042;2037;417;44;34;
2042;2038;2043;2091;418;417;34;
2043;130;2046;2042;418;34;24;
2046;2043;2047;2096;419;418;24;
2047;77;2049;2046;419;24;14;
2049;2047;1063;2100;232;419;14;
2057;2007;2060;1609;336;326;412;
2060;2057;2061;2110;422;336;412;
2061;2013;2066;2060;422;412;413;
2066;2061;2067;2114;423;422;413;
2067;2019;2072;2066;423;413;414;
2072;2067;2073;2120;424;423;414;
2073;2025;2078;2072;424;414;415;
2078;2073;2079;2126;425;424;415;
2079;2031;2084;2078;425;415;416;
2084;2079;2085;2132;426;425;416;
2085;2037;2090;2084;426;416;417;
2090;2085;2091;2138;427;426;417;
2091;2042;2095;2090;427;417;418;
2095;2091;2096;2144;428;427;418;
2096;2046;2099;2095;428;418;419;
2099;2096;2100;2149;429;428;419;
2100;2049;2102;2099;429;419;232;
2102;2100;1116;2153;242;429;232;
2110;2060;2113;1662;346;336;422;
2113;2110;2114;2163;432;346;422;
2114;2066;2119;2113;432;422;423;
2119;2114;2120;2167;433;432;423;
2120;2072;2125;2119;433;423;424;
2125;2120;2126;2173;434;433;424;
2126;2078;2131;2125;434;424;425;
2131;2126;2132;2179;435;434;425;
2132;2084;2137;2131;435;425;426;
2137;2132;2138;2185;436;435;426;
2138;2090;2143;2137;436;426;427;
2143;2138;2144;2191;437;436;427;
2144;2095;2148;2143;437;427;428;
2148;2144;2149;2196;438;437;428;
2149;2099;2152;2148;438;428;429;
2152;2149;2153;2201;439;438;429;
2153;2102;2155;2152;439;429;242;
2155;2153;1169;2205;252;439;242;
2163;2113;2166;1714;356;346;432;
2166;2163;2167;2215;442;356;432;
2167;2119;2172;2166;442;432;433;
2172;2167;2173;2219;443;442;433;
2173;2125;2178;2172;443;433;434;
2178;2173;2179;2225;444;443;434;
2179;2131;2184;2178;444;434;435;
2184;2179;2185;2231;445;444;435;
2185;2137;2190;2184;445;435;436;
2190;2185;2191;2237;446;445;436;
2191;2143;2195;2190;446;436;437;
2195;2191;2196;2243;447;446;437;
2196;2148;2200;2195;447;437;438;
2200;2196;2201;2248;448;447;438;
2201;2152;2204;2200;448;438;439;
2204;2201;2205;2253;449;448;439;
2205;2155;2207;2204;449;439;252;
2207;2205;1221;2257;262;449;252;
2215;2166;2218;1766;366;356;442;
2218;2215;2219;2267;452;366;442;
2219;2172;2224;2218;452;442;443;
2224;2219;2225;2271;453;452;443;
2225;2178;2230;2224;453;443;444;
2230;2225;2231;2277;454;453;444;
2231;2184;2236;2230;454;444;445;
2236;2231;2237;2283;455;454;445;
2237;2190;2242;2236;455;445;446;
2242;2237;2243;2289;456;455;446;
2243;2195;2247;2242;456;446;447;
2247;2243;2248;2295;457;456;447;
2248;2200;2252;2247;457;447;448;
2252;2248;2253;2300;458;457;448;
2253;2204;2256;2252;458;448;449;
2256;2253;2257;2305;459;458;449;
2257;2207;2259;2256;459;449;262;
2259;2257;1273;2309;272;459;262;
2267;2218;2270;1818;376;366;452;
2270;2267;2271;2319;462;376;452;
2271;2224;2276;2270;462;452;453;
2276;2271;2277;2323;463;462;453;
2277;2230;2282;2276;463;453;454;
2282;2277;2283;2329;464;463;454;
2283;2236;2288;2282;464;454;455;
2288;2283;2289;2335;465;464;455;
2289;2242;2294;2288;465;455;456;
2294;2289;2295;2341;466;465;456;
2295;2247;2299;2294;466;456;457;
2299;2295;2300;2347;467;466;457;
2300;2252;2304;2299;467;457;458;
2304;2300;2305;2352;468;467;458;
2305;2256;2308;2304;468;458;459;
2308;2305;2309;2357;469;468;459;
2309;2259;2311;2308;469;459;272;
2311;2309;1325;2361;282;469;272;
2319;2270;2322;1870;386;376;462;
2322;2319;2323;2371;472;386;462;
2323;2276;2328;2322;472;462;463;
2328;2323;2329;2375;473;472;463;
2329;2282;2334;2328;473;463;464;
2334;2329;2335;2381;474;473;464;
2335;2288;2340;2334;474;464;465;
2340;2335;2341;2387;475;474;465;
2341;2294;2346;2340;475;465;466;
2346;2341;2347;2393;476;475;466;
2347;2299;2351;2346;476;466;467;
2351;2347;2352;2398;477;476;467;
2352;2304;2356;2351;477;467;468;
2356;2352;2357;2403;478;477;468;
2357;2308;2360;2356;478;468;469;
2360;2357;2361;2408;479;478;469;
2361;2311;2363;2360;479;469;282;
2363;2361;1377;2412;292;479;282;
2371;2322;2374;1921;396;386;472;
2374;2371;2375;2422;482;396;472;
2375;2328;2380;2374;482;472;473;
2380;2375;2381;2426;483;482;473;
2381;2334;2386;2380;483;473;474;
2386;2381;2387;2432;484;483;474;
2387;2340;2392;2386;484;474;475;
2392;2387;2393;2438;485;484;475;
2393;2346;2397;2392;485;475;476;
2397;2393;2398;2444;486;485;476;
2398;2351;2402;2397;486;476;477;
2402;2398;2403;2449;487;486;477;
2403;2356;2407;2402;487;477;478;
2407;2403;2408;2454;488;487;478;
2408;2360;2411;2407;488;478;479;
2411;2408;2412;2459;489;488;479;
2412;2363;2414;2411;489;479;292;
2414;2412;1428;2463;302;489;292;
2422;2374;2425;1972;208;396;482;
2425;2422;2426;986;198;208;482;
2426;2380;2431;2425;198;482;483;
2431;2426;2432;935;188;198;483;
2432;2386;2437;2431;188;483;484;
2437;2432;2438;884;178;188;484;
2438;2392;2443;2437;178;484;485;
2443;2438;2444;832;168;178;485;
2444;2397;2448;2443;168;485;486;
2448;2444;2449;780;158;168;486;
2449;2402;2453;2448;158;486;487;
2453;2449;2454;728;148;158;487;
2454;2407;2458;2453;148;487;488;
2458;2454;2459;676;138;148;488;
2459;2411;2462;2458;138;488;489;
2462;2459;2463;623;128;138;489;
2463;2414;2465;2462;128;489;302;
2465;2463;1479;570;118;128;302;
2497;450;2500;1511;317;95;85;
2500;2497;2501;2550;505;317;85;
2501;399;2506;2500;505;85;75;
2506;2501;2507;2554;506;505;75;
2507;347;2512;2506;506;75;65;
2512;2507;2513;2560;507;506;65;
2513;295;2518;2512;507;65;55;
2518;2513;2519;2566;508;507;55;
2519;243;2524;2518;508;55;45;
2524;2519;2525;2572;509;508;45;
2525;191;2530;2524;509;45;35;
2530;2525;2531;2578;510;509;35;
2531;138;2535;2530;510;35;25;
2535;2531;2536;2584;511;510;25;
2536;85;2539;2535;511;25;15;
2539;2536;2540;2589;512;511;15;
2540;32;2542;2539;512;15;5;
2542;2540;1018;2593;223;512;5;
2550;2500;2553;1564;327;317;505;
2553;2550;2554;2603;515;327;505;
2554;2506;2559;2553;515;505;506;
2559;2554;2560;2607;516;515;506;
2560;2512;2565;2559;516;506;507;
2565;2560;2566;2613;517;516;507;
2566;2518;2571;2565;517;507;508;
2571;2566;2572;2619;518;517;508;
2572;2524;2577;2571;518;508;509;
2577;2572;2578;2625;519;518;509;
2578;2530;2583;2577;519;509;510;
2583;2578;2584;2631;520;519;510;
2584;2535;2588;2583;520;510;511;
2588;2584;2589;2637;521;520;511;
2589;2539;2592;2588;521;511;512;
2592;2589;2593;2642;522;521;512;
2593;2542;2595;2592;522;512;223;
2595;2593;1071;2646;233;522;223;
2603;2553;2606;1617;337;327;515;
2606;2603;2607;2656;525;337;515;
2607;2559;2612;2606;525;515;516;
2612;2607;2613;2660;526;525;516;
2613;2565;2618;2612;526;516;517;
2618;2613;2619;2666;527;526;517;
2619;2571;2624;2618;527;517;518;
2624;2619;2625;2672;528;527;518;
2625;2577;2630;2624;528;518;519;
2630;2625;2631;2678;529;528;519;
2631;2583;2636;2630;529;519;520;
2636;2631;2637;2684;530;529;520;
2637;2588;2641;2636;530;520;521;
2641;2637;2642;2689;531;530;521;
2642;2592;2645;2641;531;521;522;
2645;2642;2646;2694;532;531;522;
2646;2595;2648;2645;532;522;233;
2648;2646;1124;2698;243;532;233;
2656;2606;2659;1670;347;337;525;
2659;2656;2660;2708;535;347;525;
2660;2612;2665;2659;535;525;526;
2665;2660;2666;2712;536;535;526;
2666;2618;2671;2665;536;526;527;
2671;2666;2672;2718;537;536;527;
2672;2624;2677;2671;537;527;528;
2677;2672;2678;2724;538;537;528;
2678;2630;2683;2677;538;528;529;
2683;2678;2684;2730;539;538;529;
2684;2636;2688;2683;539;529;530;
2688;2684;2689;2736;540;539;530;
2689;2641;2693;2688;540;530;531;
2693;2689;2694;2741;541;540;531;
2694;2645;2697;2693;541;531;532;
2697;2694;2698;2746;542;541;532;
2698;2648;2700;2697;542;532;243;
2700;2698;1177;2750;253;542;243;
2708;2659;2711;1722;357;347;535;
2711;2708;2712;2760;545;357;535;
2712;2665;2717;2711;545;535;536;
2717;2712;2718;2764;546;545;536;
2718;2671;2723;2717;546;536;537;
2723;2718;2724;2770;547;546;537;
2724;2677;2729;2723;547;537;538;
2729;2724;2730;2776;548;547;538;
2730;2683;2735;2729;548;538;539;
2735;2730;2736;2782;549;548;539;
2736;2688;2740;2735;549;539;540;
2740;2736;2741;2788;550;549;540;
2741;2693;2745;2740;550;540;541;
2745;2741;2746;2793;551;550;541;
2746;2697;2749;2745;551;541;542;
2749;2746;2750;2798;552;551;542;
2750;2700;2752;2749;552;542;253;
2752;2750;1229;2802;263;552;253;
2760;2711;2763;1774;367;357;545;
2763;2760;2764;2812;555;367;545;
2764;2717;2769;2763;555;545;546;
2769;2764;2770;2816;556;555;546;
2770;2723;2775;2769;556;546;547;
2775;2770;2776;2822;557;556;547;
2776;2729;2781;2775;557;547;548;
2781;2776;2782;2828;558;557;548;
2782;2735;2787;2781;558;548;549;
2787;2782;2788;2834;559;558;549;
2788;2740;2792;2787;559;549;550;
2792;2788;2793;2840;560;559;550;
2793;2745;2797;2792;560;550;551;
2797;2793;2798;2845;561;560;551;
2798;2749;2801;2797;561;551;552;
2801;2798;2802;2850;562;561;552;
2802;2752;2804;2801;562;552;263;
2804;2802;1281;2854;273;562;263;
2812;2763;2815;1826;377;367;555;
2815;2812;2816;2864;565;377;555;
2816;2769;2821;2815;565;555;556;
2821;2816;2822;2868;566;565;556;
2822;2775;2827;2821;566;556;557;
2827;2822;2828;2874;567;566;557;
2828;2781;2833;2827;567;557;558;
2833;2828;2834;2880;568;567;558;
2834;2787;2839;2833;568;558;559;
2839;2834;2840;2886;569;568;559;
2840;2792;2844;2839;569;559;560;
2844;2840;2845;2891;570;569;560;
2845;2797;2849;2844;570;560;561;
2849;2845;2850;2896;571;570;561;
2850;2801;2853;2849;571;561;562;
2853;2850;2854;2901;572;571;562;
2854;2804;2856;2853;572;562;273;
2856;2854;1333;2905;283;572;273;
2864;2815;2867;1878;387;377;565;
2867;2864;2868;2915;575;387;565;
2868;2821;2873;2867;575;565;566;
2873;2868;2874;2919;576;575;566;
2874;2827;2879;2873;576;566;567;
2879;2874;2880;2925;577;576;567;
2880;2833;2885;2879;577;567;568;
2885;2880;2886;2931;578;577;568;
2886;2839;2890;2885;578;568;569;
2890;2886;2891;2937;579;578;569;
2891;2844;2895;2890;579;569;570;
2895;2891;2896;2942;580;579;570;
2896;2849;2900;2895;580;570;571;
2900;2896;2901;2947;581;580;571;
2901;2853;2904;2900;581;571;572;
2904;2901;2905;2952;582;581;572;
2905;2856;2907;2904;582;572;283;
2907;2905;1385;2956;293;582;283;
2915;2867;2918;1929;199;387;575;
2918;2915;2919;943;189;199;575;
2919;2873;2924;2918;189;575;576;
2924;2919;2925;892;179;189;576;
2925;2879;2930;2924;179;576;577;
2930;2925;2931;840;169;179;577;
2931;2885;2936;2930;169;577;578;
2936;2931;2937;788;159;169;578;
2937;2890;2941;2936;159;578;579;
2941;2937;2942;736;149;159;579;
2942;2895;2946;2941;149;579;580;
2946;2942;2947;684;139;149;580;
2947;2900;2951;2946;139;580;581;
2951;2947;2952;631;129;139;581;
2952;2904;2955;2951;129;581;582;
2955;2952;2956;578;119;129;582;
2956;2907;2958;2955;119;582;293;
2958;2956;1436;525;109;119;293;

