NODE ID;COORDS;ELEMENTS;
5;0;-1;0;43;652;1261;1870;
6;0.348;-0.937;0;43;46;47;1261;1264;1265;
7;0.643;-0.764;0;47;54;55;1265;1272;1273;
8;0.863;-0.504;0;55;62;63;1273;1280;1281;
9;0.984;-0.179;0;63;70;71;1281;1288;1289;
10;0.984;0.179;0;71;78;79;1289;1296;1297;
11;0.863;0.504;0;79;85;86;1297;1303;1304;
12;0.643;0.764;0;86;91;92;1304;1309;1310;
13;0.348;0.937;0;92;96;97;1310;1314;1315;
14;0;1;0;97;100;706;709;1315;1318;1924;1927;
15;0;-0.984;0.179;43;46;108;652;655;717;
16;0.342;-0.922;0.179;46;47;54;108;111;112;
17;0.633;-0.752;0.179;54;55;62;112;119;120;
18;0.849;-0.496;0.179;62;63;70;120;127;128;
19;0.968;-0.176;0.179;70;71;78;128;135;136;
20;0.968;0.176;0.179;78;79;85;136;143;144;
21;0.849;0.496;0.179;85;86;91;144;150;151;
22;0.633;0.752;0.179;91;92;96;151;156;157;
23;0.342;0.922;0.179;96;97;100;157;161;162;
24;-1.11e-16;0.984;0.179;100;162;165;709;771;774;
25;0;-0.937;0.348;108;111;173;717;720;782;
26;0.326;-0.878;0.348;111;112;119;173;176;177;
27;0.603;-0.716;0.348;119;120;127;177;184;185;
28;0.809;-0.472;0.348;127;128;135;185;192;193;
29;0.922;-0.168;0.348;135;136;143;193;200;201;
30;0.922;0.168;0.348;143;144;150;201;208;209;
31;0.809;0.472;0.348;150;151;156;209;215;216;
32;0.603;0.716;0.348;156;157;161;216;221;222;
33;0.326;0.878;0.348;161;162;165;222;226;227;
34;1.11e-16;0.937;0.348;165;227;230;774;836;839;
35;0;-0.863;0.504;173;176;238;782;785;847;
36;0.3;-0.809;0.504;176;177;184;238;241;242;
37;0.555;-0.659;0.504;184;185;192;242;249;250;
38;0.745;-0.434;0.504;192;193;200;250;257;258;
39;0.849;-0.154;0.504;200;201;208;258;265;266;
40;0.849;0.154;0.504;208;209;215;266;272;273;
41;0.745;0.434;0.504;215;216;221;273;279;280;
42;0.555;0.659;0.504;221;222;226;280;285;286;
43;0.3;0.809;0.504;226;227;230;286;290;291;
44;-2.22e-16;0.863;0.504;230;291;294;839;900;903;
45;0;-0.764;0.643;238;241;302;847;850;911;
46;0.266;-0.716;0.643;241;242;249;302;305;306;
47;0.491;-0.584;0.643;249;250;257;306;313;314;
48;0.659;-0.384;0.643;257;258;265;314;321;322;
49;0.752;-0.137;0.643;265;266;272;322;329;330;
50;0.752;0.137;0.643;272;273;279;330;336;337;
51;0.659;0.384;0.643;279;280;285;337;343;344;
52;0.491;0.584;0.643;285;286;290;344;349;350;
53;0.266;0.716;0.643;290;291;294;350;354;355;
54;-1.11e-16;0.764;0.643;294;355;358;903;964;967;
55;0;-0.643;0.764;302;305;366;911;914;975;
56;0.223;-0.603;0.764;305;306;313;366;369;370;
57;0.413;-0.491;0.764;313;314;321;370;377;378;
58;0.555;-0.324;0.764;321;322;329;378;385;386;
59;0.633;-0.115;0.764;329;330;336;386;393;394;
60;0.633;0.115;0.764;336;337;343;394;400;401;
61;0.555;0.324;0.764;343;344;349;401;407;408;
62;0.413;0.491;0.764;349;350;354;408;413;414;
63;0.223;0.603;0.764;354;355;358;414;418;419;
64;-1.11e-16;0.643;0.764;358;419;422;967;1028;1031;
65;0;-0.504;0.863;366;369;430;975;978;1039;
66;0.175;-0.472;0.863;369;370;377;430;433;434;
67;0.324;-0.384;0.863;377;378;385;434;441;442;
68;0.434;-0.253;0.863;385;386;393;442;449;450;
69;0.496;-0.0899;0.863;393;394;400;450;457;458;
70;0.496;0.0899;0.863;400;401;407;458;464;465;
71;0.434;0.253;0.863;407;408;413;465;471;472;
72;0.324;0.384;0.863;413;414;418;472;477;478;
73;0.175;0.472;0.863;418;419;422;478;482;483;
74;-2.22e-16;0.504;0.863;422;483;486;1031;1092;1095;
75;0;-0.348;0.937;430;433;494;1039;1042;1103;
76;0.121;-0.326;0.937;433;434;441;494;497;498;
77;0.223;-0.266;0.937;441;442;449;498;505;506;
78;0.3;-0.175;0.937;449;450;457;506;513;514;
79;0.342;-0.0621;0.937;457;458;464;514;520;521;
80;0.342;0.0621;0.937;464;465;471;521;527;528;
81;0.3;0.175;0.937;471;472;477;528;534;535;
82;0.223;0.266;0.937;477;478;482;535;540;541;
83;0.121;0.326;0.937;482;483;486;541;545;546;
84;-3.33e-16;0.348;0.937;486;546;549;1095;1155;1158;
85;0;-0.179;0.984;494;497;557;1103;1106;1166;
86;0.0621;-0.168;0.984;497;498;505;557;561;
87;0.115;-0.137;0.984;505;506;513;561;569;
88;0.154;-0.0899;0.984;513;514;520;569;577;
89;0.176;-0.0319;0.984;520;521;527;577;584;
90;0.176;0.0319;0.984;527;528;534;584;591;
91;0.154;0.0899;0.984;534;535;540;591;598;
92;0.115;0.137;0.984;540;541;545;598;604;
93;0.0621;0.168;0.984;545;546;549;604;609;
94;-3.33e-16;0.179;0.984;549;609;1158;1218;
95;0;0;1;557;561;569;577;584;591;598;604;609;1166;1170;1178;1186;1193;1200;1207;1213;1218;
101;-0.348;-0.937;0;652;655;656;1870;1873;1874;
102;-0.643;-0.764;0;656;663;664;1874;1881;1882;
103;-0.863;-0.504;0;664;671;672;1882;1889;1890;
104;-0.984;-0.179;0;672;679;680;1890;1897;1898;
105;-0.984;0.179;0;680;687;688;1898;1905;1906;
106;-0.863;0.504;0;688;694;695;1906;1912;1913;
107;-0.643;0.764;0;695;700;701;1913;1918;1919;
108;-0.348;0.937;0;701;705;706;1919;1923;1924;
111;-0.342;-0.922;0.179;655;656;663;717;720;721;
112;-0.633;-0.752;0.179;663;664;671;721;728;729;
113;-0.849;-0.496;0.179;671;672;679;729;736;737;
114;-0.968;-0.176;0.179;679;680;687;737;744;745;
115;-0.968;0.176;0.179;687;688;694;745;752;753;
116;-0.849;0.496;0.179;694;695;700;753;759;760;
117;-0.633;0.752;0.179;700;701;705;760;765;766;
118;-0.342;0.922;0.179;705;706;709;766;770;771;
121;-0.326;-0.878;0.348;720;721;728;782;785;786;
122;-0.603;-0.716;0.348;728;729;736;786;793;794;
123;-0.809;-0.472;0.348;736;737;744;794;801;802;
124;-0.922;-0.168;0.348;744;745;752;802;809;810;
125;-0.922;0.168;0.348;752;753;759;810;817;818;
126;-0.809;0.472;0.348;759;760;765;818;824;825;
127;-0.603;0.716;0.348;765;766;770;825;830;831;
128;-0.326;0.878;0.348;770;771;774;831;835;836;
131;-0.3;-0.809;0.504;785;786;793;847;850;851;
132;-0.555;-0.659;0.504;793;794;801;851;858;859;
133;-0.745;-0.434;0.504;801;802;809;859;866;867;
134;-0.849;-0.154;0.504;809;810;817;867;874;875;
135;-0.849;0.154;0.504;817;818;824;875;881;882;
136;-0.745;0.434;0.504;824;825;830;882;888;889;
137;-0.555;0.659;0.504;830;831;835;889;894;895;
138;-0.3;0.809;0.504;835;836;839;895;899;900;
141;-0.266;-0.716;0.643;850;851;858;911;914;915;
142;-0.491;-0.584;0.643;858;859;866;915;922;923;
143;-0.659;-0.384;0.643;866;867;874;923;930;931;
144;-0.752;-0.137;0.643;874;875;881;931;938;939;
145;-0.752;0.137;0.643;881;882;888;939;945;946;
146;-0.659;0.384;0.643;888;889;894;946;952;953;
147;-0.491;0.584;0.643;894;895;899;953;958;959;
148;-0.266;0.716;0.643;899;900;903;959;963;964;
151;-0.223;-0.603;0.764;914;915;922;975;978;979;
152;-0.413;-0.491;0.764;922;923;930;979;986;987;
153;-0.555;-0.324;0.764;930;931;938;987;994;995;
154;-0.633;-0.115;0.764;938;939;945;995;1002;1003;
155;-0.633;0.115;0.764;945;946;952;1003;1009;1010;
156;-0.555;0.324;0.764;952;953;958;1010;1016;1017;
157;-0.413;0.491;0.764;958;959;963;1017;1022;1023;
158;-0.223;0.603;0.764;963;964;967;1023;1027;1028;
161;-0.175;-0.472;0.863;978;979;986;1039;1042;1043;
162;-0.324;-0.384;0.863;986;987;994;1043;1050;1051;
163;-0.434;-0.253;0.863;994;995;1002;1051;1058;1059;
164;-0.496;-0.0899;0.863;1002;1003;1009;1059;1066;1067;
165;-0.496;0.0899;0.863;1009;1010;1016;1067;1073;1074;
166;-0.434;0.253;0.863;1016;1017;1022;1074;1080;1081;
167;-0.324;0.384;0.863;1022;1023;1027;1081;1086;1087;
168;-0.175;0.472;0.863;1027;1028;1031;1087;1091;1092;
171;-0.121;-0.326;0.937;1042;1043;1050;1103;1106;1107;
172;-0.223;-0.266;0.937;1050;1051;1058;1107;1114;1115;
173;-0.3;-0.175;0.937;1058;1059;1066;1115;1122;1123;
174;-0.342;-0.0621;0.937;1066;1067;1073;1123;1129;1130;
175;-0.342;0.0621;0.937;1073;1074;1080;1130;1136;1137;
176;-0.3;0.175;0.937;1080;1081;1086;1137;1143;1144;
177;-0.223;0.266;0.937;1086;1087;1091;1144;1149;1150;
178;-0.121;0.326;0.937;1091;1092;1095;1150;1154;1155;
181;-0.0621;-0.168;0.984;1106;1107;1114;1166;1170;
182;-0.115;-0.137;0.984;1114;1115;1122;1170;1178;
183;-0.154;-0.0899;0.984;1122;1123;1129;1178;1186;
184;-0.176;-0.0319;0.984;1129;1130;1136;1186;1193;
185;-0.176;0.0319;0.984;1136;1137;1143;1193;1200;
186;-0.154;0.0899;0.984;1143;1144;1149;1200;1207;
187;-0.115;0.137;0.984;1149;1150;1154;1207;1213;
188;-0.0621;0.168;0.984;1154;1155;1158;1213;1218;
203;0;-0.984;-0.179;1261;1264;1326;1870;1873;1935;
204;0.342;-0.922;-0.179;1264;1265;1272;1326;1329;1330;
205;0.633;-0.752;-0.179;1272;1273;1280;1330;1337;1338;
206;0.849;-0.496;-0.179;1280;1281;1288;1338;1345;1346;
207;0.968;-0.176;-0.179;1288;1289;1296;1346;1353;1354;
208;0.968;0.176;-0.179;1296;1297;1303;1354;1361;1362;
209;0.849;0.496;-0.179;1303;1304;1309;1362;1368;1369;
210;0.633;0.752;-0.179;1309;1310;1314;1369;1374;1375;
211;0.342;0.922;-0.179;1314;1315;1318;1375;1379;1380;
212;-1.11e-16;0.984;-0.179;1318;1380;1383;1927;1989;1992;
213;0;-0.937;-0.348;1326;1329;1391;1935;1938;2000;
214;0.326;-0.878;-0.348;1329;1330;1337;1391;1394;1395;
215;0.603;-0.716;-0.348;1337;1338;1345;1395;1402;1403;
216;0.809;-0.472;-0.348;1345;1346;1353;1403;1410;1411;
217;0.922;-0.168;-0.348;1353;1354;1361;1411;1418;1419;
218;0.922;0.168;-0.348;1361;1362;1368;1419;1426;1427;
219;0.809;0.472;-0.348;1368;1369;1374;1427;1433;1434;
220;0.603;0.716;-0.348;1374;1375;1379;1434;1439;1440;
221;0.326;0.878;-0.348;1379;1380;1383;1440;1444;1445;
222;1.11e-16;0.937;-0.348;1383;1445;1448;1992;2054;2057;
223;0;-0.863;-0.504;1391;1394;1456;2000;2003;2065;
224;0.3;-0.809;-0.504;1394;1395;1402;1456;1459;1460;
225;0.555;-0.659;-0.504;1402;1403;1410;1460;1467;1468;
226;0.745;-0.434;-0.504;1410;1411;1418;1468;1475;1476;
227;0.849;-0.154;-0.504;1418;1419;1426;1476;1483;1484;
228;0.849;0.154;-0.504;1426;1427;1433;1484;1490;1491;
229;0.745;0.434;-0.504;1433;1434;1439;1491;1497;1498;
230;0.555;0.659;-0.504;1439;1440;1444;1498;1503;1504;
231;0.3;0.809;-0.504;1444;1445;1448;1504;1508;1509;
232;-2.22e-16;0.863;-0.504;1448;1509;1512;2057;2118;2121;
233;0;-0.764;-0.643;1456;1459;1520;2065;2068;2129;
234;0.266;-0.716;-0.643;1459;1460;1467;1520;1523;1524;
235;0.491;-0.584;-0.643;1467;1468;1475;1524;1531;1532;
236;0.659;-0.384;-0.643;1475;1476;1483;1532;1539;1540;
237;0.752;-0.137;-0.643;1483;1484;1490;1540;1547;1548;
238;0.752;0.137;-0.643;1490;1491;1497;1548;1554;1555;
239;0.659;0.384;-0.643;1497;1498;1503;1555;1561;1562;
240;0.491;0.584;-0.643;1503;1504;1508;1562;1567;1568;
241;0.266;0.716;-0.643;1508;1509;1512;1568;1572;1573;
242;-1.11e-16;0.764;-0.643;1512;1573;1576;2121;2182;2185;
243;0;-0.643;-0.764;1520;1523;1584;2129;2132;2193;
244;0.223;-0.603;-0.764;1523;1524;1531;1584;1587;1588;
245;0.413;-0.491;-0.764;1531;1532;1539;1588;1595;1596;
246;0.555;-0.324;-0.764;1539;1540;1547;1596;1603;1604;
247;0.633;-0.115;-0.764;1547;1548;1554;1604;1611;1612;
248;0.633;0.115;-0.764;1554;1555;1561;1612;1618;1619;
249;0.555;0.324;-0.764;1561;1562;1567;1619;1625;1626;
250;0.413;0.491;-0.764;1567;1568;1572;1626;1631;1632;
251;0.223;0.603;-0.764;1572;1573;1576;1632;1636;1637;
252;-1.11e-16;0.643;-0.764;1576;1637;1640;2185;2246;2249;
253;0;-0.504;-0.863;1584;1587;1648;2193;2196;2257;
254;0.175;-0.472;-0.863;1587;1588;1595;1648;1651;1652;
255;0.324;-0.384;-0.863;1595;1596;1603;1652;1659;1660;
256;0.434;-0.253;-0.863;1603;1604;1611;1660;1667;1668;
257;0.496;-0.0899;-0.863;1611;1612;1618;1668;1675;1676;
258;0.496;0.0899;-0.863;1618;1619;1625;1676;1682;1683;
259;0.434;0.253;-0.863;1625;1626;1631;1683;1689;1690;
260;0.324;0.384;-0.863;1631;1632;1636;1690;1695;1696;
261;0.175;0.472;-0.863;1636;1637;1640;1696;1700;1701;
262;-2.22e-16;0.504;-0.863;1640;1701;1704;2249;2310;2313;
263;0;-0.348;-0.937;1648;1651;1712;2257;2260;2321;
264;0.121;-0.326;-0.937;1651;1652;1659;1712;1715;1716;
265;0.223;-0.266;-0.937;1659;1660;1667;1716;1723;1724;
266;0.3;-0.175;-0.937;1667;1668;1675;1724;1731;1732;
267;0.342;-0.0621;-0.937;1675;1676;1682;1732;1738;1739;
268;0.342;0.0621;-0.937;1682;1683;1689;1739;1745;1746;
269;0.3;0.175;-0.937;1689;1690;1695;1746;1752;1753;
270;0.223;0.266;-0.937;1695;1696;1700;1753;1758;1759;
271;0.121;0.326;-0.937;1700;1701;1704;1759;1763;1764;
272;-3.33e-16;0.348;-0.937;1704;1764;1767;2313;2373;2376;
273;0;-0.179;-0.984;1712;1715;1775;2321;2324;2384;
274;0.0621;-0.168;-0.984;1715;1716;1723;1775;1779;
275;0.115;-0.137;-0.984;1723;1724;1731;1779;1787;
276;0.154;-0.0899;-0.984;1731;1732;1738;1787;1795;
277;0.176;-0.0319;-0.984;1738;1739;1745;1795;1802;
278;0.176;0.0319;-0.984;1745;1746;1752;1802;1809;
279;0.154;0.0899;-0.984;1752;1753;1758;1809;1816;
280;0.115;0.137;-0.984;1758;1759;1763;1816;1822;
281;0.0621;0.168;-0.984;1763;1764;1767;1822;1827;
282;-3.33e-16;0.179;-0.984;1767;1827;2376;2436;
283;0;0;-1;1775;1779;1787;1795;1802;1809;1816;1822;1827;2384;2388;2396;2404;2411;2418;2425;2431;2436;
299;-0.342;-0.922;-0.179;1873;1874;1881;1935;1938;1939;
300;-0.633;-0.752;-0.179;1881;1882;1889;1939;1946;1947;
301;-0.849;-0.496;-0.179;1889;1890;1897;1947;1954;1955;
302;-0.968;-0.176;-0.179;1897;1898;1905;1955;1962;1963;
303;-0.968;0.176;-0.179;1905;1906;1912;1963;1970;1971;
304;-0.849;0.496;-0.179;1912;1913;1918;1971;1977;1978;
305;-0.633;0.752;-0.179;1918;1919;1923;1978;1983;1984;
306;-0.342;0.922;-0.179;1923;1924;1927;1984;1988;1989;
309;-0.326;-0.878;-0.348;1938;1939;1946;2000;2003;2004;
310;-0.603;-0.716;-0.348;1946;1947;1954;2004;2011;2012;
311;-0.809;-0.472;-0.348;1954;1955;1962;2012;2019;2020;
312;-0.922;-0.168;-0.348;1962;1963;1970;2020;2027;2028;
313;-0.922;0.168;-0.348;1970;1971;1977;2028;2035;2036;
314;-0.809;0.472;-0.348;1977;1978;1983;2036;2042;2043;
315;-0.603;0.716;-0.348;1983;1984;1988;2043;2048;2049;
316;-0.326;0.878;-0.348;1988;1989;1992;2049;2053;2054;
319;-0.3;-0.809;-0.504;2003;2004;2011;2065;2068;2069;
320;-0.555;-0.659;-0.504;2011;2012;2019;2069;2076;2077;
321;-0.745;-0.434;-0.504;2019;2020;2027;2077;2084;2085;
322;-0.849;-0.154;-0.504;2027;2028;2035;2085;2092;2093;
323;-0.849;0.154;-0.504;2035;2036;2042;2093;2099;2100;
324;-0.745;0.434;-0.504;2042;2043;2048;2100;2106;2107;
325;-0.555;0.659;-0.504;2048;2049;2053;2107;2112;2113;
326;-0.3;0.809;-0.504;2053;2054;2057;2113;2117;2118;
329;-0.266;-0.716;-0.643;2068;2069;2076;2129;2132;2133;
330;-0.491;-0.584;-0.643;2076;2077;2084;2133;2140;2141;
331;-0.659;-0.384;-0.643;2084;2085;2092;2141;2148;2149;
332;-0.752;-0.137;-0.643;2092;2093;2099;2149;2156;2157;
333;-0.752;0.137;-0.643;2099;2100;2106;2157;2163;2164;
334;-0.659;0.384;-0.643;2106;2107;2112;2164;2170;2171;
335;-0.491;0.584;-0.643;2112;2113;2117;2171;2176;2177;
336;-0.266;0.716;-0.643;2117;2118;2121;2177;2181;2182;
339;-0.223;-0.603;-0.764;2132;2133;2140;2193;2196;2197;
340;-0.413;-0.491;-0.764;2140;2141;2148;2197;2204;2205;
341;-0.555;-0.324;-0.764;2148;2149;2156;2205;2212;2213;
342;-0.633;-0.115;-0.764;2156;2157;2163;2213;2220;2221;
343;-0.633;0.115;-0.764;2163;2164;2170;2221;2227;2228;
344;-0.555;0.324;-0.764;2170;2171;2176;2228;2234;2235;
345;-0.413;0.491;-0.764;2176;2177;2181;2235;2240;2241;
346;-0.223;0.603;-0.764;2181;2182;2185;2241;2245;2246;
349;-0.175;-0.472;-0.863;2196;2197;2204;2257;2260;2261;
350;-0.324;-0.384;-0.863;2204;2205;2212;2261;2268;2269;
351;-0.434;-0.253;-0.863;2212;2213;2220;2269;2276;2277;
352;-0.496;-0.0899;-0.863;2220;2221;2227;2277;2284;2285;
353;-0.496;0.0899;-0.863;2227;2228;2234;2285;2291;2292;
354;-0.434;0.253;-0.863;2234;2235;2240;2292;2298;2299;
355;-0.324;0.384;-0.863;2240;2241;2245;2299;2304;2305;
356;-0.175;0.472;-0.863;2245;2246;2249;2305;2309;2310;
359;-0.121;-0.326;-0.937;2260;2261;2268;2321;2324;2325;
360;-0.223;-0.266;-0.937;2268;2269;2276;2325;2332;2333;
361;-0.3;-0.175;-0.937;2276;2277;2284;2333;2340;2341;
362;-0.342;-0.0621;-0.937;2284;2285;2291;2341;2347;2348;
363;-0.342;0.0621;-0.937;2291;2292;2298;2348;2354;2355;
364;-0.3;0.175;-0.937;2298;2299;2304;2355;2361;2362;
365;-0.223;0.266;-0.937;2304;2305;2309;2362;2367;2368;
366;-0.121;0.326;-0.937;2309;2310;2313;2368;2372;2373;
369;-0.0621;-0.168;-0.984;2324;2325;2332;2384;2388;
370;-0.115;-0.137;-0.984;2332;2333;2340;2388;2396;
371;-0.154;-0.0899;-0.984;2340;2341;2347;2396;2404;
372;-0.176;-0.0319;-0.984;2347;2348;2354;2404;2411;
373;-0.176;0.0319;-0.984;2354;2355;2361;2411;2418;
374;-0.154;0.0899;-0.984;2361;2362;2367;2418;2425;
375;-0.115;0.137;-0.984;2367;2368;2372;2425;2431;
376;-0.0621;0.168;-0.984;2372;2373;2376;2431;2436;

ELEMENT ID;NEIGHBOUR REFERENCES;;;;NODE REFERENCES;;;
43;1261;46;652;15;5;6;
46;43;47;108;16;15;6;
47;1265;54;46;16;6;7;
54;47;55;112;17;16;7;
55;1273;62;54;17;7;8;
62;55;63;120;18;17;8;
63;1281;70;62;18;8;9;
70;63;71;128;19;18;9;
71;1289;78;70;19;9;10;
78;71;79;136;20;19;10;
79;1297;85;78;20;10;11;
85;79;86;144;21;20;11;
86;1304;91;85;21;11;12;
91;86;92;151;22;21;12;
92;1310;96;91;22;12;13;
96;92;97;157;23;22;13;
97;1315;100;96;23;13;14;
100;97;709;162;24;23;14;
108;46;111;717;25;15;16;
111;108;112;173;26;25;16;
112;54;119;111;26;16;17;
119;112;120;177;27;26;17;
120;62;127;119;27;17;18;
127;120;128;185;28;27;18;
128;70;135;127;28;18;19;
135;128;136;193;29;28;19;
136;78;143;135;29;19;20;
143;136;144;201;30;29;20;
144;85;150;143;30;20;21;
150;144;151;209;31;30;21;
151;91;156;150;31;21;22;
156;151;157;216;32;31;22;
157;96;161;156;32;22;23;
161;157;162;222;33;32;23;
162;100;165;161;33;23;24;
165;162;774;227;34;33;24;
173;111;176;782;35;25;26;
176;173;177;238;36;35;26;
177;119;184;176;36;26;27;
184;177;185;242;37;36;27;
185;127;192;184;37;27;28;
192;185;193;250;38;37;28;
193;135;200;192;38;28;29;
200;193;201;258;39;38;29;
201;143;208;200;39;29;30;
208;201;209;266;40;39;30;
209;150;215;208;40;30;31;
215;209;216;273;41;40;31;
216;156;221;215;41;31;32;
221;216;222;280;42;41;32;
222;161;226;221;42;32;33;
226;222;227;286;43;42;33;
227;165;230;226;43;33;34;
230;227;839;291;44;43;34;
238;176;241;847;45;35;36;
241;238;242;302;46;45;36;
242;184;249;241;46;36;37;
249;242;250;306;47;46;37;
250;192;257;249;47;37;38;
257;250;258;314;48;47;38;
258;200;265;257;48;38;39;
265;258;266;322;49;48;39;
266;208;272;265;49;39;40;
272;266;273;330;50;49;40;
273;215;279;272;50;40;41;
279;273;280;337;51;50;41;
280;221;285;279;51;41;42;
285;280;286;344;52;51;42;
286;226;290;285;52;42;43;
290;286;291;350;53;52;43;
291;230;294;290;53;43;44;
294;291;903;355;54;53;44;
302;241;305;911;55;45;46;
305;302;306;366;56;55;46;
306;249;313;305;56;46;47;
313;306;314;370;57;56;47;
314;257;321;313;57;47;48;
321;314;322;378;58;57;48;
322;265;329;321;58;48;49;
329;322;330;386;59;58;49;
330;272;336;329;59;49;50;
336;330;337;394;60;59;50;
337;279;343;336;60;50;51;
343;337;344;401;61;60;51;
344;285;349;343;61;51;52;
349;344;350;408;62;61;52;
350;290;354;349;62;52;53;
354;350;355;414;63;62;53;
355;294;358;354;63;53;54;
358;355;967;419;64;63;54;
366;305;369;975;65;55;56;
369;366;370;430;66;65;56;
370;313;377;369;66;56;57;
377;370;378;434;67;66;57;
378;321;385;377;67;57;58;
385;378;386;442;68;67;58;
386;329;393;385;68;58;59;
393;386;394;450;69;68;59;
394;336;400;393;69;59;60;
400;394;401;458;70;69;60;
401;343;407;400;70;60;61;
407;401;408;465;71;70;61;
408;349;413;407;71;61;62;
413;408;414;472;72;71;62;
414;354;418;413;72;62;63;
418;414;419;478;73;72;63;
419;358;422;418;73;63;64;
422;419;1031;483;74;73;64;
430;369;433;1039;75;65;66;
433;430;434;494;76;75;66;
434;377;441;433;76;66;67;
441;434;442;498;77;76;67;
442;385;449;441;77;67;68;
449;442;450;506;78;77;68;
450;393;457;449;78;68;69;
457;450;458;514;79;78;69;
458;400;464;457;79;69;70;
464;458;465;521;80;79;70;
465;407;471;464;80;70;71;
471;465;472;528;81;80;71;
472;413;477;471;81;71;72;
477;472;478;535;82;81;72;
478;418;482;477;82;72;73;
482;478;483;541;83;82;73;
483;422;486;482;83;73;74;
486;483;1095;546;84;83;74;
494;433;497;1103;85;75;76;
497;494;498;557;86;85;76;
498;441;505;497;86;76;77;
505;498;506;561;87;86;77;
506;449;513;505;87;77;78;
513;506;514;569;88;87;78;
514;457;520;513;88;78;79;
520;514;521;577;89;88;79;
521;464;527;520;89;79;80;
527;521;528;584;90;89;80;
528;471;534;527;90;80;81;
534;528;535;591;91;90;81;
535;477;540;534;91;81;82;
540;535;541;598;92;91;82;
541;482;545;540;92;82;83;
545;541;546;604;93;92;83;
546;486;549;545;93;83;84;
549;546;1158;609;94;93;84;
557;497;561;1166;95;85;86;
561;505;569;557;95;86;87;
569;513;577;561;95;87;88;
577;520;584;569;95;88;89;
584;527;591;577;95;89;90;
591;534;598;584;95;90;91;
598;540;604;591;95;91;92;
604;545;609;598;95;92;93;
609;549;1218;604;95;93;94;
652;1870;655;43;15;5;101;
655;652;656;717;111;15;101;
656;1874;663;655;111;101;102;
663;656;664;721;112;111;102;
664;1882;671;663;112;102;103;
671;664;672;729;113;112;103;
672;1890;679;671;113;103;104;
679;672;680;737;114;113;104;
680;1898;687;679;114;104;105;
687;680;688;745;115;114;105;
688;1906;694;687;115;105;106;
694;688;695;753;116;115;106;
695;1913;700;694;116;106;107;
700;695;701;760;117;116;107;
701;1919;705;700;117;107;108;
705;701;706;766;118;117;108;
706;1924;709;705;118;108;14;
709;706;100;771;24;118;14;
717;655;720;108;25;15;111;
720;717;721;782;121;25;111;
721;663;728;720;121;111;112;
728;721;729;786;122;121;112;
729;671;736;728;122;112;113;
736;729;737;794;123;122;113;
737;679;744;736;123;113;114;
744;737;745;802;124;123;114;
745;687;752;744;124;114;115;
752;745;753;810;125;124;115;
753;694;759;752;125;115;116;
759;753;760;818;126;125;116;
760;700;765;759;126;116;117;
765;760;766;825;127;126;117;
766;705;770;765;127;117;118;
770;766;771;831;128;127;118;
771;709;774;770;128;118;24;
774;771;165;836;34;128;24;
782;720;785;173;35;25;121;
785;782;786;847;131;35;121;
786;728;793;785;131;121;122;
793;786;794;851;132;131;122;
794;736;801;793;132;122;123;
801;794;802;859;133;132;123;
802;744;809;801;133;123;124;
809;802;810;867;134;133;124;
810;752;817;809;134;124;125;
817;810;818;875;135;134;125;
818;759;824;817;135;125;126;
824;818;825;882;136;135;126;
825;765;830;824;136;126;127;
830;825;831;889;137;136;127;
831;770;835;830;137;127;128;
835;831;836;895;138;137;128;
836;774;839;835;138;128;34;
839;836;230;900;44;138;34;
847;785;850;238;45;35;131;
850;847;851;911;141;45;131;
851;793;858;850;141;131;132;
858;851;859;915;142;141;132;
859;801;866;858;142;132;133;
866;859;867;923;143;142;133;
867;809;874;866;143;133;134;
874;867;875;931;144;143;134;
875;817;881;874;144;134;135;
881;875;882;939;145;144;135;
882;824;888;881;145;135;136;
888;882;889;946;146;145;136;
889;830;894;888;146;136;137;
894;889;895;953;147;146;137;
895;835;899;894;147;137;138;
899;895;900;959;148;147;138;
900;839;903;899;148;138;44;
903;900;294;964;54;148;44;
911;850;914;302;55;45;141;
914;911;915;975;151;55;141;
915;858;922;914;151;141;142;
922;915;923;979;152;151;142;
923;866;930;922;152;142;143;
930;923;931;987;153;152;143;
931;874;938;930;153;143;144;
938;931;939;995;154;153;144;
939;881;945;938;154;144;145;
945;939;946;1003;155;154;145;
946;888;952;945;155;145;146;
952;946;953;1010;156;155;146;
953;894;958;952;156;146;147;
958;953;959;1017;157;156;147;
959;899;963;958;157;147;148;
963;959;964;1023;158;157;148;
964;903;967;963;158;148;54;
967;964;358;1028;64;158;54;
975;914;978;366;65;55;151;
978;975;979;1039;161;65;151;
979;922;986;978;161;151;152;
986;979;987;1043;162;161;152;
987;930;994;986;162;152;153;
994;987;995;1051;163;162;153;
995;938;1002;994;163;153;154;
1002;995;1003;1059;164;163;154;
1003;945;1009;1002;164;154;155;
1009;1003;1010;1067;165;164;155;
1010;952;1016;1009;165;155;156;
1016;1010;1017;1074;166;165;156;
1017;958;1022;1016;166;156;157;
1022;1017;1023;1081;167;166;157;
1023;963;1027;1022;167;157;158;
1027;1023;1028;1087;168;167;158;
1028;967;1031;1027;168;158;64;
1031;1028;422;1092;74;168;64;
1039;978;1042;430;75;65;161;
1042;1039;1043;1103;171;75;161;
1043;986;1050;1042;171;161;162;
1050;1043;1051;1107;172;171;162;
1051;994;1058;1050;172;162;163;
1058;1051;1059;1115;173;172;163;
1059;1002;1066;1058;173;163;164;
1066;1059;1067;1123;174;173;164;
1067;1009;1073;1066;174;164;165;
1073;1067;1074;1130;175;174;165;
1074;1016;1080;1073;175;165;166;
1080;1074;1081;1137;176;175;166;
1081;1022;1086;1080;176;166;167;
1086;1081;1087;1144;177;176;167;
1087;1027;1091;1086;177;167;168;
1091;1087;1092;1150;178;177;168;
1092;1031;1095;1091;178;168;74;
1095;1092;486;1155;84;178;74;
1103;1042;1106;494;85;75;171;
1106;1103;1107;1166;181;85;171;
1107;1050;1114;1106;181;171;172;
1114;1107;1115;1170;182;181;172;
1115;1058;1122;1114;182;172;173;
1122;1115;1123;1178;183;182;173;
1123;1066;1129;1122;183;173;174;
1129;1123;1130;1186;184;183;174;
1130;1073;1136;1129;184;174;175;
1136;1130;1137;1193;185;184;175;
1137;1080;1143;1136;185;175;176;
1143;1137;1144;1200;186;185;176;
1144;1086;1149;1143;186;176;177;
1149;1144;1150;1207;187;186;177;
1150;1091;1154;1149;187;177;178;
1154;1150;1155;1213;188;187;178;
1155;1095;1158;1154;188;178;84;
1158;1155;549;1218;94;188;84;
1166;1106;1170;557;95;85;181;
1170;1114;1178;1166;95;181;182;
1178;1122;1186;1170;95;182;183;
1186;1129;1193;1178;95;183;184;
1193;1136;1200;1186;95;184;185;
1200;1143;1207;1193;95;185;186;
1207;1149;1213;1200;95;186;187;
1213;1154;1218;1207;95;187;188;
1218;1158;609;1213;95;188;94;
1261;43;1264;1870;203;5;6;
1264;1261;1265;1326;204;203;6;
1265;47;1272;1264;204;6;7;
1272;1265;1273;1330;205;204;7;
1273;55;1280;1272;205;7;8;
1280;1273;1281;1338;206;205;8;
1281;63;1288;1280;206;8;9;
1288;1281;1289;1346;207;206;9;
1289;71;1296;1288;207;9;10;
1296;1289;1297;1354;208;207;10;
1297;79;1303;1296;208;10;11;
1303;1297;1304;1362;209;208;11;
1304;86;1309;1303;209;11;12;
1309;1304;1310;1369;210;209;12;
1310;92;1314;1309;210;12;13;
1314;1310;1315;1375;211;210;13;
1315;97;1318;1314;211;13;14;
1318;1315;1927;1380;212;211;14;
1326;1264;1329;1935;213;203;204;
1329;1326;1330;1391;214;213;204;
1330;1272;1337;1329;214;204;205;
1337;1330;1338;1395;215;214;205;
1338;1280;1345;1337;215;205;206;
1345;1338;1346;1403;216;215;206;
1346;1288;1353;1345;216;206;207;
1353;1346;1354;1411;217;216;207;
1354;1296;1361;1353;217;207;208;
1361;1354;1362;1419;218;217;208;
1362;1303;1368;1361;218;208;209;
1368;1362;1369;1427;219;218;209;
1369;1309;1374;1368;219;209;210;
1374;1369;1375;1434;220;219;210;
1375;1314;1379;1374;220;210;211;
1379;1375;1380;1440;221;220;211;
1380;1318;1383;1379;221;211;212;
1383;1380;1992;1445;222;221;212;
1391;1329;1394;2000;223;213;214;
1394;1391;1395;1456;224;223;214;
1395;1337;1402;1394;224;214;215;
1402;1395;1403;1460;225;224;215;
1403;1345;1410;1402;225;215;216;
1410;1403;1411;1468;226;225;216;
1411;1353;1418;1410;226;216;217;
1418;1411;1419;1476;227;226;217;
1419;1361;1426;1418;227;217;218;
1426;1419;1427;1484;228;227;218;
1427;1368;1433;1426;228;218;219;
1433;1427;1434;1491;229;228;219;
1434;1374;1439;1433;229;219;220;
1439;1434;1440;1498;230;229;220;
1440;1379;1444;1439;230;220;221;
1444;1440;1445;1504;231;230;221;
1445;1383;1448;1444;231;221;222;
1448;1445;2057;1509;232;231;222;
1456;1394;1459;2065;233;223;224;
1459;1456;1460;1520;234;233;224;
1460;1402;1467;1459;234;224;225;
1467;1460;1468;1524;235;234;225;
1468;1410;1475;1467;235;225;226;
1475;1468;1476;1532;236;235;226;
1476;1418;1483;1475;236;226;227;
1483;1476;1484;1540;237;236;227;
1484;1426;1490;1483;237;227;228;
1490;1484;1491;1548;238;237;228;
1491;1433;1497;1490;238;228;229;
1497;1491;1498;1555;239;238;229;
1498;1439;1503;1497;239;229;230;
1503;1498;1504;1562;240;239;230;
1504;1444;1508;1503;240;230;231;
1508;1504;1509;1568;241;240;231;
1509;1448;1512;1508;241;231;232;
1512;1509;2121;1573;242;241;232;
1520;1459;1523;2129;243;233;234;
1523;1520;1524;1584;244;243;234;
1524;1467;1531;1523;244;234;235;
1531;1524;1532;1588;245;244;235;
1532;1475;1539;1531;245;235;236;
1539;1532;1540;1596;246;245;236;
1540;1483;1547;1539;246;236;237;
1547;1540;1548;1604;247;246;237;
1548;1490;1554;1547;247;237;238;
1554;1548;1555;1612;248;247;238;
1555;1497;1561;1554;248;238;239;
1561;1555;1562;1619;249;248;239;
1562;1503;1567;1561;249;239;240;
1567;1562;1568;1626;250;249;240;
1568;1508;1572;1567;250;240;241;
1572;1568;1573;1632;251;250;241;
1573;1512;1576;1572;251;241;242;
1576;1573;2185;1637;252;251;242;
1584;1523;1587;2193;253;243;244;
1587;1584;1588;1648;254;253;244;
1588;1531;1595;1587;254;244;245;
1595;1588;1596;1652;255;254;245;
1596;1539;1603;1595;255;245;246;
1603;1596;1604;1660;256;255;246;
1604;1547;1611;1603;256;246;247;
1611;1604;1612;1668;257;256;247;
1612;1554;1618;1611;257;247;248;
1618;1612;1619;1676;258;257;248;
1619;1561;1625;1618;258;248;249;
1625;1619;1626;1683;259;258;249;
1626;1567;1631;1625;259;249;250;
1631;1626;1632;1690;260;259;250;
1632;1572;1636;1631;260;250;251;
1636;1632;1637;1696;261;260;251;
1637;1576;1640;1636;261;251;252;
1640;1637;2249;1701;262;261;252;
1648;1587;1651;2257;263;253;254;
1651;1648;1652;1712;264;263;254;
1652;1595;1659;1651;264;254;255;
1659;1652;1660;1716;265;264;255;
1660;1603;1667;1659;265;255;256;
1667;1660;1668;1724;266;265;256;
1668;1611;1675;1667;266;256;257;
1675;1668;1676;1732;267;266;257;
1676;1618;1682;1675;267;257;258;
1682;1676;1683;1739;268;267;258;
1683;1625;1689;1682;268;258;259;
1689;1683;1690;1746;269;268;259;
1690;1631;1695;1689;269;259;260;
1695;1690;1696;1753;270;269;260;
1696;1636;1700;1695;270;260;261;
1700;1696;1701;1759;271;270;261;
1701;1640;1704;1700;271;261;262;
1704;1701;2313;1764;272;271;262;
1712;1651;1715;2321;273;263;264;
1715;1712;1716;1775;274;273;264;
1716;1659;1723;1715;274;264;265;
1723;1716;1724;1779;275;274;265;
1724;1667;1731;1723;275;265;266;
1731;1724;1732;1787;276;275;266;
1732;1675;1738;1731;276;266;267;
1738;1732;1739;1795;277;276;267;
1739;1682;1745;1738;277;267;268;
1745;1739;1746;1802;278;277;268;
1746;1689;1752;1745;278;268;269;
1752;1746;1753;1809;279;278;269;
1753;1695;1758;1752;279;269;270;
1758;1753;1759;1816;280;279;270;
1759;1700;1763;1758;280;270;271;
1763;1759;1764;1822;281;280;271;
1764;1704;1767;1763;281;271;272;
1767;1764;2376;1827;282;281;272;
1775;1715;1779;2384;283;273;274;
1779;1723;1787;1775;283;274;275;
1787;1731;1795;1779;283;275;276;
1795;1738;1802;1787;283;276;277;
1802;1745;1809;1795;283;277;278;
1809;1752;1816;1802;283;278;279;
1816;1758;1822;1809;283;279;280;
1822;1763;1827;1816;283;280;281;
1827;1767;2436;1822;283;281;282;
1870;652;1873;1261;203;5;101;
1873;1870;1874;1935;299;203;101;
1874;656;1881;1873;299;101;102;
1881;1874;1882;1939;300;299;102;
1882;664;1889;1881;300;102;103;
1889;1882;1890;1947;301;300;103;
1890;672;1897;1889;301;103;104;
1897;1890;1898;1955;302;301;104;
1898;680;1905;1897;302;104;105;
1905;1898;1906;1963;303;302;105;
1906;688;1912;1905;303;105;106;
1912;1906;1913;1971;304;303;106;
1913;695;1918;1912;304;106;107;
1918;1913;1919;1978;305;304;107;
1919;701;1923;1918;305;107;108;
1923;1919;1924;1984;306;305;108;
1924;706;1927;1923;306;108;14;
1927;1924;1318;1989;212;306;14;
1935;1873;1938;1326;213;203;299;
1938;1935;1939;2000;309;213;299;
1939;1881;1946;1938;309;299;300;
1946;1939;1947;2004;310;309;300;
1947;1889;1954;1946;310;300;301;
1954;1947;1955;2012;311;310;301;
1955;1897;1962;1954;311;301;302;
1962;1955;1963;2020;312;311;302;
1963;1905;1970;1962;312;302;303;
1970;1963;1971;2028;313;312;303;
1971;1912;1977;1970;313;303;304;
1977;1971;1978;2036;314;313;304;
1978;1918;1983;1977;314;304;305;
1983;1978;1984;2043;315;314;305;
1984;1923;1988;1983;315;305;306;
1988;1984;1989;2049;316;315;306;
1989;1927;1992;1988;316;306;212;
1992;1989;1383;2054;222;316;212;
2000;1938;2003;1391;223;213;309;
2003;2000;2004;2065;319;223;309;
2004;1946;2011;2003;319;309;310;
2011;2004;2012;2069;320;319;310;
2012;1954;2019;2011;320;310;311;
2019;2012;2020;2077;321;320;311;
2020;1962;2027;2019;321;311;312;
2027;2020;2028;2085;322;321;312;
2028;1970;2035;2027;322;312;313;
2035;2028;2036;2093;323;322;313;
2036;1977;2042;2035;323;313;314;
2042;2036;2043;2100;324;323;314;
2043;1983;2048;2042;324;314;315;
2048;2043;2049;2107;325;324;315;
2049;1988;2053;2048;325;315;316;
2053;2049;2054;2113;326;325;316;
2054;1992;2057;2053;326;316;222;
2057;2054;1448;2118;232;326;222;
2065;2003;2068;1456;233;223;319;
2068;2065;2069;2129;329;233;319;
2069;2011;2076;2068;329;319;320;
2076;2069;2077;2133;330;329;320;
2077;2019;2084;2076;330;320;321;
2084;2077;2085;2141;331;330;321;
2085;2027;2092;2084;331;321;322;
2092;2085;2093;2149;332;331;322;
2093;2035;2099;2092;332;322;323;
2099;2093;2100;2157;333;332;323;
2100;2042;2106;2099;333;323;324;
2106;2100;2107;2164;334;333;324;
2107;2048;2112;2106;334;324;325;
2112;2107;2113;2171;335;334;325;
2113;2053;2117;2112;335;325;326;
2117;2113;2118;2177;336;335;326;
2118;2057;2121;2117;336;326;232;
2121;2118;1512;2182;242;336;232;
2129;2068;2132;1520;243;233;329;
2132;2129;2133;2193;339;243;329;
2133;2076;2140;2132;339;329;330;
2140;2133;2141;2197;340;339;330;
2141;2084;2148;2140;340;330;331;
2148;2141;2149;2205;341;340;331;
2149;2092;2156;2148;341;331;332;
2156;2149;2157;2213;342;341;332;
2157;2099;2163;2156;342;332;333;
2163;2157;2164;2221;343;342;333;
2164;2106;2170;2163;343;333;334;
2170;2164;2171;2228;344;343;334;
2171;2112;2176;2170;344;334;335;
2176;2171;2177;2235;345;344;335;
2177;2117;2181;2176;345;335;336;
2181;2177;2182;2241;346;345;336;
2182;2121;2185;2181;346;336;242;
2185;2182;1576;2246;252;346;242;
2193;2132;2196;1584;253;243;339;
2196;2193;2197;2257;349;253;339;
2197;2140;2204;2196;349;339;340;
2204;2197;2205;2261;350;349;340;
2205;2148;2212;2204;350;340;341;
2212;2205;2213;2269;351;350;341;
2213;2156;2220;2212;351;341;342;
2220;2213;2221;2277;352;351;342;
2221;2163;2227;2220;352;342;343;
2227;2221;2228;2285;353;352;343;
2228;2170;2234;2227;353;343;344;
2234;2228;2235;2292;354;353;344;
2235;2176;2240;2234;354;344;345;
2240;2235;2241;2299;355;354;345;
2241;2181;2245;2240;355;345;346;
2245;2241;2246;2305;356;355;346;
2246;2185;2249;2245;356;346;252;
2249;2246;1640;2310;262;356;252;
2257;2196;2260;1648;263;253;349;
2260;2257;2261;2321;359;263;349;
2261;2204;2268;2260;359;349;350;
2268;2261;2269;2325;360;359;350;
2269;2212;2276;2268;360;350;351;
2276;2269;2277;2333;361;360;351;
2277;2220;2284;2276;361;351;352;
2284;2277;2285;2341;362;361;352;
2285;2227;2291;2284;362;352;353;
2291;2285;2292;2348;363;362;353;
2292;2234;2298;2291;363;353;354;
2298;2292;2299;2355;364;363;354;
2299;2240;2304;2298;364;354;355;
2304;2299;2305;2362;365;364;355;
2305;2245;2309;2304;365;355;356;
2309;2305;2310;2368;366;365;356;
2310;2249;2313;2309;366;356;262;
2313;2310;1704;2373;272;366;262;
2321;2260;2324;1712;273;263;359;
2324;2321;2325;2384;369;273;359;
2325;2268;2332;2324;369;359;360;
2332;2325;2333;2388;370;369;360;
2333;2276;2340;2332;370;360;361;
2340;2333;2341;2396;371;370;361;
2341;2284;2347;2340;371;361;362;
2347;2341;2348;2404;372;371;362;
2348;2291;2354;2347;372;362;363;
2354;2348;2355;2411;373;372;363;
2355;2298;2361;2354;373;363;364;
2361;2355;2362;2418;374;373;364;
2362;2304;2367;2361;374;364;365;
2367;2362;2368;2425;375;374;365;
2368;2309;2372;2367;375;365;366;
2372;2368;2373;2431;376;375;366;
2373;2313;2376;2372;376;366;272;
2376;2373;1767;2436;282;376;272;
2384;2324;2388;1775;283;273;369;
2388;2332;2396;2384;283;369;370;
2396;2340;2404;2388;283;370;371;
2404;2347;2411;2396;283;371;372;
2411;2354;2418;2404;283;372;373;
2418;2361;2425;2411;283;373;374;
2425;2367;2431;2418;283;374;375;
2431;2372;2436;2425;283;375;376;
2436;2376;1827;2431;283;376;282;

